,RegionName,CountyName,SizeRank,2010-01,2010-02,2010-03,2010-04,2010-05,2010-06,2010-07,2010-08,2010-09,2010-10,2010-11,2010-12,2011-01,2011-02,2011-03,2011-04,2011-05,2011-06,2011-07,2011-08,2011-09,2011-10,2011-11,2011-12,2012-01,2012-02,2012-03,2012-04,2012-05,2012-06,2012-07,2012-08,2012-09,2012-10,2012-11,2012-12,2013-01,2013-02,2013-03,2013-04,2013-05,2013-06,2013-07,2013-08,2013-09,2013-10,2013-11,2013-12,2014-01,2014-02,2014-03,2014-04,2014-05,2014-06,2014-07,2014-08,2014-09,2014-10,2014-11,2014-12,2015-01,2015-02,2015-03,2015-04,2015-05,2015-06,2015-07,2015-08,2015-09,2015-10,2015-11,2015-12,2016-01,2016-02,2016-03,2016-04,2016-05,2016-06,2016-07,2016-08,2016-09,2016-10,2016-11,2016-12,2017-01,2017-02,2017-03,2017-04,2017-05,2017-06,2017-07,2017-08,2017-09,Zipcode,lat,long
0,Acworth,Cobb,461,,,,,,,,,,,,,,,,,,,,,,,,,,,,,,,,,,,,,,,,,,,,,,,215000.0,214990.0,199900.0,215000.0,223461.0,224900.0,217950.0,225000.0,220000.0,219900.0,229900.0,234900.0,228700.0,203465.0,214900.0,219900.0,224900.0,220990.0,229999.0,230000.0,230500.0,241445.0,239650.0,235495.0,248990.0,240995.0,249900.0,250000.0,243900.0,245000.0,243500.0,239250.0,245000.0,244950.0,235000.0,249000.0,245000.0,239900.0,246202.5,240838.0,250960,264174.5,265990.0,265000.0,260000.0,265385.0,279900.0,30101,34.034515,-84.707349
1,Acworth,Cobb,461,,,,,,,,,,,,,,,,,,,,,,,,,,,,,,,,,,,,,,,,,,,,,,,215000.0,214990.0,199900.0,215000.0,223461.0,224900.0,217950.0,225000.0,220000.0,219900.0,229900.0,234900.0,228700.0,203465.0,214900.0,219900.0,224900.0,220990.0,229999.0,230000.0,230500.0,241445.0,239650.0,235495.0,248990.0,240995.0,249900.0,250000.0,243900.0,245000.0,243500.0,239250.0,245000.0,244950.0,235000.0,249000.0,245000.0,239900.0,246202.5,240838.0,250960,264174.5,265990.0,265000.0,260000.0,265385.0,279900.0,30102,34.110194,-84.631394
2,Adairsville,Bartow,3374,,,,,,,,,,,,,,,,,,,,,,,,,,,,,,,,,,,,,,,,,,119900.0,119900.0,119900.0,124900.0,132250.0,135000.0,125450.0,116750.0,131000.0,126875.0,129900.0,139700.0,133900.0,139500.0,135450.0,139500.0,128900.0,129900.0,125000.0,124900.0,126950.0,131450.0,129900.0,133950.0,137500.0,134900.0,139850.0,135000.0,139950.0,139900.0,149900.0,139900.0,149900.0,149900.0,159000.0,159000.0,146200.0,155450.0,149900.0,149900.0,154450.0,159450.0,159900.0,159900.0,159900.0,162500,162500.0,169900.0,187278.0,187656.0,191380.0,190640.0,30103,34.366336,-84.917546
3,Alpharetta,Fulton,1085,,,,,,,,,,,,,,,,,,,,,,,,,,,,,,,,,,,,329900.0,319000.0,315000.0,328900.0,345000.0,350000.0,349900.0,349900.0,339900.0,339900.0,329500.0,335000.0,345000.0,349900.0,339900.0,350000.0,359900.0,373400.0,390000.0,404900.0,400000.0,384967.5,384750.0,392900.0,395000.0,449690.0,435000.0,429900.0,429900.0,429900.0,439900.0,439900.0,453349.0,445000.0,449000.0,450000.0,475000.0,497980.0,477450.0,459200.0,459900.0,474900.0,459900.0,474900.0,475000.0,475000.0,475000.0,469900.0,468630.0,468385.0,480000.0,489900,482010.0,478310.0,489000.0,491490.0,499000.0,503530.0,30004,34.145635,-84.291881
4,Alpharetta,Fulton,1085,,,,,,,,,,,,,,,,,,,,,,,,,,,,,,,,,,,,329900.0,319000.0,315000.0,328900.0,345000.0,350000.0,349900.0,349900.0,339900.0,339900.0,329500.0,335000.0,345000.0,349900.0,339900.0,350000.0,359900.0,373400.0,390000.0,404900.0,400000.0,384967.5,384750.0,392900.0,395000.0,449690.0,435000.0,429900.0,429900.0,429900.0,439900.0,439900.0,453349.0,445000.0,449000.0,450000.0,475000.0,497980.0,477450.0,459200.0,459900.0,474900.0,459900.0,474900.0,475000.0,475000.0,475000.0,469900.0,468630.0,468385.0,480000.0,489900,482010.0,478310.0,489000.0,491490.0,499000.0,503530.0,30005,34.089040000000004,-84.217046
5,Alpharetta,Fulton,1085,,,,,,,,,,,,,,,,,,,,,,,,,,,,,,,,,,,,329900.0,319000.0,315000.0,328900.0,345000.0,350000.0,349900.0,349900.0,339900.0,339900.0,329500.0,335000.0,345000.0,349900.0,339900.0,350000.0,359900.0,373400.0,390000.0,404900.0,400000.0,384967.5,384750.0,392900.0,395000.0,449690.0,435000.0,429900.0,429900.0,429900.0,439900.0,439900.0,453349.0,445000.0,449000.0,450000.0,475000.0,497980.0,477450.0,459200.0,459900.0,474900.0,459900.0,474900.0,475000.0,475000.0,475000.0,469900.0,468630.0,468385.0,480000.0,489900,482010.0,478310.0,489000.0,491490.0,499000.0,503530.0,30009,34.079085,-84.30520600000001
6,Alpharetta,Fulton,1085,,,,,,,,,,,,,,,,,,,,,,,,,,,,,,,,,,,,329900.0,319000.0,315000.0,328900.0,345000.0,350000.0,349900.0,349900.0,339900.0,339900.0,329500.0,335000.0,345000.0,349900.0,339900.0,350000.0,359900.0,373400.0,390000.0,404900.0,400000.0,384967.5,384750.0,392900.0,395000.0,449690.0,435000.0,429900.0,429900.0,429900.0,439900.0,439900.0,453349.0,445000.0,449000.0,450000.0,475000.0,497980.0,477450.0,459200.0,459900.0,474900.0,459900.0,474900.0,475000.0,475000.0,475000.0,469900.0,468630.0,468385.0,480000.0,489900,482010.0,478310.0,489000.0,491490.0,499000.0,503530.0,30022,34.029866,-84.239742
7,Atlanta,Fulton,40,,,,,,,,,,,,,,,,,,,,,,,,,,,,,,,,,,,,,,,,,,,,,,,189000.0,179900.0,179000.0,189900.0,200000.0,222200.0,215000.0,220000.0,219000.0,213775.0,204900.0,200000.0,195000.0,189500.0,191250.0,199949.5,210000.0,219700.0,225000.0,234900.0,225000.0,234900.0,239900.0,244900.0,239900.0,235000.0,244999.5,245000.0,259000.0,270000.0,275000.0,269000.0,269000.0,259900.0,269000.0,275000.0,275000.0,260000.0,260000.0,279900.0,309900,330000.0,330000.0,335000.0,329900.0,320000.0,329950.0,30303,33.753271000000005,-84.389938
8,Atlanta,Fulton,40,,,,,,,,,,,,,,,,,,,,,,,,,,,,,,,,,,,,,,,,,,,,,,,189000.0,179900.0,179000.0,189900.0,200000.0,222200.0,215000.0,220000.0,219000.0,213775.0,204900.0,200000.0,195000.0,189500.0,191250.0,199949.5,210000.0,219700.0,225000.0,234900.0,225000.0,234900.0,239900.0,244900.0,239900.0,235000.0,244999.5,245000.0,259000.0,270000.0,275000.0,269000.0,269000.0,259900.0,269000.0,275000.0,275000.0,260000.0,260000.0,279900.0,309900,330000.0,330000.0,335000.0,329900.0,320000.0,329950.0,30305,33.835696,-84.389116
9,Atlanta,Fulton,40,,,,,,,,,,,,,,,,,,,,,,,,,,,,,,,,,,,,,,,,,,,,,,,189000.0,179900.0,179000.0,189900.0,200000.0,222200.0,215000.0,220000.0,219000.0,213775.0,204900.0,200000.0,195000.0,189500.0,191250.0,199949.5,210000.0,219700.0,225000.0,234900.0,225000.0,234900.0,239900.0,244900.0,239900.0,235000.0,244999.5,245000.0,259000.0,270000.0,275000.0,269000.0,269000.0,259900.0,269000.0,275000.0,275000.0,260000.0,260000.0,279900.0,309900,330000.0,330000.0,335000.0,329900.0,320000.0,329950.0,30306,33.788140000000006,-84.352625
10,Atlanta,Fulton,40,,,,,,,,,,,,,,,,,,,,,,,,,,,,,,,,,,,,,,,,,,,,,,,189000.0,179900.0,179000.0,189900.0,200000.0,222200.0,215000.0,220000.0,219000.0,213775.0,204900.0,200000.0,195000.0,189500.0,191250.0,199949.5,210000.0,219700.0,225000.0,234900.0,225000.0,234900.0,239900.0,244900.0,239900.0,235000.0,244999.5,245000.0,259000.0,270000.0,275000.0,269000.0,269000.0,259900.0,269000.0,275000.0,275000.0,260000.0,260000.0,279900.0,309900,330000.0,330000.0,335000.0,329900.0,320000.0,329950.0,30307,33.771079,-84.3336
11,Atlanta,Fulton,40,,,,,,,,,,,,,,,,,,,,,,,,,,,,,,,,,,,,,,,,,,,,,,,189000.0,179900.0,179000.0,189900.0,200000.0,222200.0,215000.0,220000.0,219000.0,213775.0,204900.0,200000.0,195000.0,189500.0,191250.0,199949.5,210000.0,219700.0,225000.0,234900.0,225000.0,234900.0,239900.0,244900.0,239900.0,235000.0,244999.5,245000.0,259000.0,270000.0,275000.0,269000.0,269000.0,259900.0,269000.0,275000.0,275000.0,260000.0,260000.0,279900.0,309900,330000.0,330000.0,335000.0,329900.0,320000.0,329950.0,30308,33.771127,-84.378108
12,Atlanta,Fulton,40,,,,,,,,,,,,,,,,,,,,,,,,,,,,,,,,,,,,,,,,,,,,,,,189000.0,179900.0,179000.0,189900.0,200000.0,222200.0,215000.0,220000.0,219000.0,213775.0,204900.0,200000.0,195000.0,189500.0,191250.0,199949.5,210000.0,219700.0,225000.0,234900.0,225000.0,234900.0,239900.0,244900.0,239900.0,235000.0,244999.5,245000.0,259000.0,270000.0,275000.0,269000.0,269000.0,259900.0,269000.0,275000.0,275000.0,260000.0,260000.0,279900.0,309900,330000.0,330000.0,335000.0,329900.0,320000.0,329950.0,30309,33.799896000000004,-84.3858
13,Atlanta,Fulton,40,,,,,,,,,,,,,,,,,,,,,,,,,,,,,,,,,,,,,,,,,,,,,,,189000.0,179900.0,179000.0,189900.0,200000.0,222200.0,215000.0,220000.0,219000.0,213775.0,204900.0,200000.0,195000.0,189500.0,191250.0,199949.5,210000.0,219700.0,225000.0,234900.0,225000.0,234900.0,239900.0,244900.0,239900.0,235000.0,244999.5,245000.0,259000.0,270000.0,275000.0,269000.0,269000.0,259900.0,269000.0,275000.0,275000.0,260000.0,260000.0,279900.0,309900,330000.0,330000.0,335000.0,329900.0,320000.0,329950.0,30310,33.726586,-84.425995
14,Atlanta,Fulton,40,,,,,,,,,,,,,,,,,,,,,,,,,,,,,,,,,,,,,,,,,,,,,,,189000.0,179900.0,179000.0,189900.0,200000.0,222200.0,215000.0,220000.0,219000.0,213775.0,204900.0,200000.0,195000.0,189500.0,191250.0,199949.5,210000.0,219700.0,225000.0,234900.0,225000.0,234900.0,239900.0,244900.0,239900.0,235000.0,244999.5,245000.0,259000.0,270000.0,275000.0,269000.0,269000.0,259900.0,269000.0,275000.0,275000.0,260000.0,260000.0,279900.0,309900,330000.0,330000.0,335000.0,329900.0,320000.0,329950.0,30311,33.723262,-84.475994
15,Atlanta,Fulton,40,,,,,,,,,,,,,,,,,,,,,,,,,,,,,,,,,,,,,,,,,,,,,,,189000.0,179900.0,179000.0,189900.0,200000.0,222200.0,215000.0,220000.0,219000.0,213775.0,204900.0,200000.0,195000.0,189500.0,191250.0,199949.5,210000.0,219700.0,225000.0,234900.0,225000.0,234900.0,239900.0,244900.0,239900.0,235000.0,244999.5,245000.0,259000.0,270000.0,275000.0,269000.0,269000.0,259900.0,269000.0,275000.0,275000.0,260000.0,260000.0,279900.0,309900,330000.0,330000.0,335000.0,329900.0,320000.0,329950.0,30312,33.744724,-84.375241
16,Atlanta,Fulton,40,,,,,,,,,,,,,,,,,,,,,,,,,,,,,,,,,,,,,,,,,,,,,,,189000.0,179900.0,179000.0,189900.0,200000.0,222200.0,215000.0,220000.0,219000.0,213775.0,204900.0,200000.0,195000.0,189500.0,191250.0,199949.5,210000.0,219700.0,225000.0,234900.0,225000.0,234900.0,239900.0,244900.0,239900.0,235000.0,244999.5,245000.0,259000.0,270000.0,275000.0,269000.0,269000.0,259900.0,269000.0,275000.0,275000.0,260000.0,260000.0,279900.0,309900,330000.0,330000.0,335000.0,329900.0,320000.0,329950.0,30313,33.764539,-84.397339
17,Atlanta,Fulton,40,,,,,,,,,,,,,,,,,,,,,,,,,,,,,,,,,,,,,,,,,,,,,,,189000.0,179900.0,179000.0,189900.0,200000.0,222200.0,215000.0,220000.0,219000.0,213775.0,204900.0,200000.0,195000.0,189500.0,191250.0,199949.5,210000.0,219700.0,225000.0,234900.0,225000.0,234900.0,239900.0,244900.0,239900.0,235000.0,244999.5,245000.0,259000.0,270000.0,275000.0,269000.0,269000.0,259900.0,269000.0,275000.0,275000.0,260000.0,260000.0,279900.0,309900,330000.0,330000.0,335000.0,329900.0,320000.0,329950.0,30314,33.757576,-84.432245
18,Atlanta,Fulton,40,,,,,,,,,,,,,,,,,,,,,,,,,,,,,,,,,,,,,,,,,,,,,,,189000.0,179900.0,179000.0,189900.0,200000.0,222200.0,215000.0,220000.0,219000.0,213775.0,204900.0,200000.0,195000.0,189500.0,191250.0,199949.5,210000.0,219700.0,225000.0,234900.0,225000.0,234900.0,239900.0,244900.0,239900.0,235000.0,244999.5,245000.0,259000.0,270000.0,275000.0,269000.0,269000.0,259900.0,269000.0,275000.0,275000.0,260000.0,260000.0,279900.0,309900,330000.0,330000.0,335000.0,329900.0,320000.0,329950.0,30315,33.702829,-84.382515
19,Atlanta,Fulton,40,,,,,,,,,,,,,,,,,,,,,,,,,,,,,,,,,,,,,,,,,,,,,,,189000.0,179900.0,179000.0,189900.0,200000.0,222200.0,215000.0,220000.0,219000.0,213775.0,204900.0,200000.0,195000.0,189500.0,191250.0,199949.5,210000.0,219700.0,225000.0,234900.0,225000.0,234900.0,239900.0,244900.0,239900.0,235000.0,244999.5,245000.0,259000.0,270000.0,275000.0,269000.0,269000.0,259900.0,269000.0,275000.0,275000.0,260000.0,260000.0,279900.0,309900,330000.0,330000.0,335000.0,329900.0,320000.0,329950.0,30316,33.711546000000006,-84.331796
20,Atlanta,Fulton,40,,,,,,,,,,,,,,,,,,,,,,,,,,,,,,,,,,,,,,,,,,,,,,,189000.0,179900.0,179000.0,189900.0,200000.0,222200.0,215000.0,220000.0,219000.0,213775.0,204900.0,200000.0,195000.0,189500.0,191250.0,199949.5,210000.0,219700.0,225000.0,234900.0,225000.0,234900.0,239900.0,244900.0,239900.0,235000.0,244999.5,245000.0,259000.0,270000.0,275000.0,269000.0,269000.0,259900.0,269000.0,275000.0,275000.0,260000.0,260000.0,279900.0,309900,330000.0,330000.0,335000.0,329900.0,320000.0,329950.0,30317,33.747989000000004,-84.315586
21,Atlanta,Fulton,40,,,,,,,,,,,,,,,,,,,,,,,,,,,,,,,,,,,,,,,,,,,,,,,189000.0,179900.0,179000.0,189900.0,200000.0,222200.0,215000.0,220000.0,219000.0,213775.0,204900.0,200000.0,195000.0,189500.0,191250.0,199949.5,210000.0,219700.0,225000.0,234900.0,225000.0,234900.0,239900.0,244900.0,239900.0,235000.0,244999.5,245000.0,259000.0,270000.0,275000.0,269000.0,269000.0,259900.0,269000.0,275000.0,275000.0,260000.0,260000.0,279900.0,309900,330000.0,330000.0,335000.0,329900.0,320000.0,329950.0,30318,33.792328000000005,-84.447753
22,Atlanta,Fulton,40,,,,,,,,,,,,,,,,,,,,,,,,,,,,,,,,,,,,,,,,,,,,,,,189000.0,179900.0,179000.0,189900.0,200000.0,222200.0,215000.0,220000.0,219000.0,213775.0,204900.0,200000.0,195000.0,189500.0,191250.0,199949.5,210000.0,219700.0,225000.0,234900.0,225000.0,234900.0,239900.0,244900.0,239900.0,235000.0,244999.5,245000.0,259000.0,270000.0,275000.0,269000.0,269000.0,259900.0,269000.0,275000.0,275000.0,260000.0,260000.0,279900.0,309900,330000.0,330000.0,335000.0,329900.0,320000.0,329950.0,30319,33.875954,-84.334763
23,Atlanta,Fulton,40,,,,,,,,,,,,,,,,,,,,,,,,,,,,,,,,,,,,,,,,,,,,,,,189000.0,179900.0,179000.0,189900.0,200000.0,222200.0,215000.0,220000.0,219000.0,213775.0,204900.0,200000.0,195000.0,189500.0,191250.0,199949.5,210000.0,219700.0,225000.0,234900.0,225000.0,234900.0,239900.0,244900.0,239900.0,235000.0,244999.5,245000.0,259000.0,270000.0,275000.0,269000.0,269000.0,259900.0,269000.0,275000.0,275000.0,260000.0,260000.0,279900.0,309900,330000.0,330000.0,335000.0,329900.0,320000.0,329950.0,30322,33.793594,-84.326128
24,Atlanta,Fulton,40,,,,,,,,,,,,,,,,,,,,,,,,,,,,,,,,,,,,,,,,,,,,,,,189000.0,179900.0,179000.0,189900.0,200000.0,222200.0,215000.0,220000.0,219000.0,213775.0,204900.0,200000.0,195000.0,189500.0,191250.0,199949.5,210000.0,219700.0,225000.0,234900.0,225000.0,234900.0,239900.0,244900.0,239900.0,235000.0,244999.5,245000.0,259000.0,270000.0,275000.0,269000.0,269000.0,259900.0,269000.0,275000.0,275000.0,260000.0,260000.0,279900.0,309900,330000.0,330000.0,335000.0,329900.0,320000.0,329950.0,30324,33.818405,-84.358175
25,Atlanta,Fulton,40,,,,,,,,,,,,,,,,,,,,,,,,,,,,,,,,,,,,,,,,,,,,,,,189000.0,179900.0,179000.0,189900.0,200000.0,222200.0,215000.0,220000.0,219000.0,213775.0,204900.0,200000.0,195000.0,189500.0,191250.0,199949.5,210000.0,219700.0,225000.0,234900.0,225000.0,234900.0,239900.0,244900.0,239900.0,235000.0,244999.5,245000.0,259000.0,270000.0,275000.0,269000.0,269000.0,259900.0,269000.0,275000.0,275000.0,260000.0,260000.0,279900.0,309900,330000.0,330000.0,335000.0,329900.0,320000.0,329950.0,30326,33.849517999999996,-84.36397099999999
26,Atlanta,Fulton,40,,,,,,,,,,,,,,,,,,,,,,,,,,,,,,,,,,,,,,,,,,,,,,,189000.0,179900.0,179000.0,189900.0,200000.0,222200.0,215000.0,220000.0,219000.0,213775.0,204900.0,200000.0,195000.0,189500.0,191250.0,199949.5,210000.0,219700.0,225000.0,234900.0,225000.0,234900.0,239900.0,244900.0,239900.0,235000.0,244999.5,245000.0,259000.0,270000.0,275000.0,269000.0,269000.0,259900.0,269000.0,275000.0,275000.0,260000.0,260000.0,279900.0,309900,330000.0,330000.0,335000.0,329900.0,320000.0,329950.0,30327,33.869694,-84.4173
27,Atlanta,Fulton,40,,,,,,,,,,,,,,,,,,,,,,,,,,,,,,,,,,,,,,,,,,,,,,,189000.0,179900.0,179000.0,189900.0,200000.0,222200.0,215000.0,220000.0,219000.0,213775.0,204900.0,200000.0,195000.0,189500.0,191250.0,199949.5,210000.0,219700.0,225000.0,234900.0,225000.0,234900.0,239900.0,244900.0,239900.0,235000.0,244999.5,245000.0,259000.0,270000.0,275000.0,269000.0,269000.0,259900.0,269000.0,275000.0,275000.0,260000.0,260000.0,279900.0,309900,330000.0,330000.0,335000.0,329900.0,320000.0,329950.0,30328,33.932538,-84.385947
28,Atlanta,Fulton,40,,,,,,,,,,,,,,,,,,,,,,,,,,,,,,,,,,,,,,,,,,,,,,,189000.0,179900.0,179000.0,189900.0,200000.0,222200.0,215000.0,220000.0,219000.0,213775.0,204900.0,200000.0,195000.0,189500.0,191250.0,199949.5,210000.0,219700.0,225000.0,234900.0,225000.0,234900.0,239900.0,244900.0,239900.0,235000.0,244999.5,245000.0,259000.0,270000.0,275000.0,269000.0,269000.0,259900.0,269000.0,275000.0,275000.0,260000.0,260000.0,279900.0,309900,330000.0,330000.0,335000.0,329900.0,320000.0,329950.0,30329,33.827487,-84.323013
29,Atlanta,Fulton,40,,,,,,,,,,,,,,,,,,,,,,,,,,,,,,,,,,,,,,,,,,,,,,,189000.0,179900.0,179000.0,189900.0,200000.0,222200.0,215000.0,220000.0,219000.0,213775.0,204900.0,200000.0,195000.0,189500.0,191250.0,199949.5,210000.0,219700.0,225000.0,234900.0,225000.0,234900.0,239900.0,244900.0,239900.0,235000.0,244999.5,245000.0,259000.0,270000.0,275000.0,269000.0,269000.0,259900.0,269000.0,275000.0,275000.0,260000.0,260000.0,279900.0,309900,330000.0,330000.0,335000.0,329900.0,320000.0,329950.0,30331,33.707454999999996,-84.544149
30,Atlanta,Fulton,40,,,,,,,,,,,,,,,,,,,,,,,,,,,,,,,,,,,,,,,,,,,,,,,189000.0,179900.0,179000.0,189900.0,200000.0,222200.0,215000.0,220000.0,219000.0,213775.0,204900.0,200000.0,195000.0,189500.0,191250.0,199949.5,210000.0,219700.0,225000.0,234900.0,225000.0,234900.0,239900.0,244900.0,239900.0,235000.0,244999.5,245000.0,259000.0,270000.0,275000.0,269000.0,269000.0,259900.0,269000.0,275000.0,275000.0,260000.0,260000.0,279900.0,309900,330000.0,330000.0,335000.0,329900.0,320000.0,329950.0,30332,33.778271000000004,-84.404537
31,Atlanta,Fulton,40,,,,,,,,,,,,,,,,,,,,,,,,,,,,,,,,,,,,,,,,,,,,,,,189000.0,179900.0,179000.0,189900.0,200000.0,222200.0,215000.0,220000.0,219000.0,213775.0,204900.0,200000.0,195000.0,189500.0,191250.0,199949.5,210000.0,219700.0,225000.0,234900.0,225000.0,234900.0,239900.0,244900.0,239900.0,235000.0,244999.5,245000.0,259000.0,270000.0,275000.0,269000.0,269000.0,259900.0,269000.0,275000.0,275000.0,260000.0,260000.0,279900.0,309900,330000.0,330000.0,335000.0,329900.0,320000.0,329950.0,30334,33.748855,-84.38724300000001
32,Atlanta,Fulton,40,,,,,,,,,,,,,,,,,,,,,,,,,,,,,,,,,,,,,,,,,,,,,,,189000.0,179900.0,179000.0,189900.0,200000.0,222200.0,215000.0,220000.0,219000.0,213775.0,204900.0,200000.0,195000.0,189500.0,191250.0,199949.5,210000.0,219700.0,225000.0,234900.0,225000.0,234900.0,239900.0,244900.0,239900.0,235000.0,244999.5,245000.0,259000.0,270000.0,275000.0,269000.0,269000.0,259900.0,269000.0,275000.0,275000.0,260000.0,260000.0,279900.0,309900,330000.0,330000.0,335000.0,329900.0,320000.0,329950.0,30336,33.738375,-84.5676
33,Atlanta,Fulton,40,,,,,,,,,,,,,,,,,,,,,,,,,,,,,,,,,,,,,,,,,,,,,,,189000.0,179900.0,179000.0,189900.0,200000.0,222200.0,215000.0,220000.0,219000.0,213775.0,204900.0,200000.0,195000.0,189500.0,191250.0,199949.5,210000.0,219700.0,225000.0,234900.0,225000.0,234900.0,239900.0,244900.0,239900.0,235000.0,244999.5,245000.0,259000.0,270000.0,275000.0,269000.0,269000.0,259900.0,269000.0,275000.0,275000.0,260000.0,260000.0,279900.0,309900,330000.0,330000.0,335000.0,329900.0,320000.0,329950.0,30337,33.640147,-84.45008100000001
34,Atlanta,Fulton,40,,,,,,,,,,,,,,,,,,,,,,,,,,,,,,,,,,,,,,,,,,,,,,,189000.0,179900.0,179000.0,189900.0,200000.0,222200.0,215000.0,220000.0,219000.0,213775.0,204900.0,200000.0,195000.0,189500.0,191250.0,199949.5,210000.0,219700.0,225000.0,234900.0,225000.0,234900.0,239900.0,244900.0,239900.0,235000.0,244999.5,245000.0,259000.0,270000.0,275000.0,269000.0,269000.0,259900.0,269000.0,275000.0,275000.0,260000.0,260000.0,279900.0,309900,330000.0,330000.0,335000.0,329900.0,320000.0,329950.0,30338,33.946218,-84.318119
35,Atlanta,Fulton,40,,,,,,,,,,,,,,,,,,,,,,,,,,,,,,,,,,,,,,,,,,,,,,,189000.0,179900.0,179000.0,189900.0,200000.0,222200.0,215000.0,220000.0,219000.0,213775.0,204900.0,200000.0,195000.0,189500.0,191250.0,199949.5,210000.0,219700.0,225000.0,234900.0,225000.0,234900.0,239900.0,244900.0,239900.0,235000.0,244999.5,245000.0,259000.0,270000.0,275000.0,269000.0,269000.0,259900.0,269000.0,275000.0,275000.0,260000.0,260000.0,279900.0,309900,330000.0,330000.0,335000.0,329900.0,320000.0,329950.0,30339,33.876174,-84.462357
36,Atlanta,Fulton,40,,,,,,,,,,,,,,,,,,,,,,,,,,,,,,,,,,,,,,,,,,,,,,,189000.0,179900.0,179000.0,189900.0,200000.0,222200.0,215000.0,220000.0,219000.0,213775.0,204900.0,200000.0,195000.0,189500.0,191250.0,199949.5,210000.0,219700.0,225000.0,234900.0,225000.0,234900.0,239900.0,244900.0,239900.0,235000.0,244999.5,245000.0,259000.0,270000.0,275000.0,269000.0,269000.0,259900.0,269000.0,275000.0,275000.0,260000.0,260000.0,279900.0,309900,330000.0,330000.0,335000.0,329900.0,320000.0,329950.0,30340,33.896768,-84.25229200000001
37,Atlanta,Fulton,40,,,,,,,,,,,,,,,,,,,,,,,,,,,,,,,,,,,,,,,,,,,,,,,189000.0,179900.0,179000.0,189900.0,200000.0,222200.0,215000.0,220000.0,219000.0,213775.0,204900.0,200000.0,195000.0,189500.0,191250.0,199949.5,210000.0,219700.0,225000.0,234900.0,225000.0,234900.0,239900.0,244900.0,239900.0,235000.0,244999.5,245000.0,259000.0,270000.0,275000.0,269000.0,269000.0,259900.0,269000.0,275000.0,275000.0,260000.0,260000.0,279900.0,309900,330000.0,330000.0,335000.0,329900.0,320000.0,329950.0,30341,33.888505,-84.289532
38,Atlanta,Fulton,40,,,,,,,,,,,,,,,,,,,,,,,,,,,,,,,,,,,,,,,,,,,,,,,189000.0,179900.0,179000.0,189900.0,200000.0,222200.0,215000.0,220000.0,219000.0,213775.0,204900.0,200000.0,195000.0,189500.0,191250.0,199949.5,210000.0,219700.0,225000.0,234900.0,225000.0,234900.0,239900.0,244900.0,239900.0,235000.0,244999.5,245000.0,259000.0,270000.0,275000.0,269000.0,269000.0,259900.0,269000.0,275000.0,275000.0,260000.0,260000.0,279900.0,309900,330000.0,330000.0,335000.0,329900.0,320000.0,329950.0,30342,33.882179,-84.375289
39,Atlanta,Fulton,40,,,,,,,,,,,,,,,,,,,,,,,,,,,,,,,,,,,,,,,,,,,,,,,189000.0,179900.0,179000.0,189900.0,200000.0,222200.0,215000.0,220000.0,219000.0,213775.0,204900.0,200000.0,195000.0,189500.0,191250.0,199949.5,210000.0,219700.0,225000.0,234900.0,225000.0,234900.0,239900.0,244900.0,239900.0,235000.0,244999.5,245000.0,259000.0,270000.0,275000.0,269000.0,269000.0,259900.0,269000.0,275000.0,275000.0,260000.0,260000.0,279900.0,309900,330000.0,330000.0,335000.0,329900.0,320000.0,329950.0,30344,33.676362,-84.46079300000001
40,Atlanta,Fulton,40,,,,,,,,,,,,,,,,,,,,,,,,,,,,,,,,,,,,,,,,,,,,,,,189000.0,179900.0,179000.0,189900.0,200000.0,222200.0,215000.0,220000.0,219000.0,213775.0,204900.0,200000.0,195000.0,189500.0,191250.0,199949.5,210000.0,219700.0,225000.0,234900.0,225000.0,234900.0,239900.0,244900.0,239900.0,235000.0,244999.5,245000.0,259000.0,270000.0,275000.0,269000.0,269000.0,259900.0,269000.0,275000.0,275000.0,260000.0,260000.0,279900.0,309900,330000.0,330000.0,335000.0,329900.0,320000.0,329950.0,30345,33.851652,-84.28368499999999
41,Atlanta,Fulton,40,,,,,,,,,,,,,,,,,,,,,,,,,,,,,,,,,,,,,,,,,,,,,,,189000.0,179900.0,179000.0,189900.0,200000.0,222200.0,215000.0,220000.0,219000.0,213775.0,204900.0,200000.0,195000.0,189500.0,191250.0,199949.5,210000.0,219700.0,225000.0,234900.0,225000.0,234900.0,239900.0,244900.0,239900.0,235000.0,244999.5,245000.0,259000.0,270000.0,275000.0,269000.0,269000.0,259900.0,269000.0,275000.0,275000.0,260000.0,260000.0,279900.0,309900,330000.0,330000.0,335000.0,329900.0,320000.0,329950.0,30346,33.924252,-84.33885500000001
42,Atlanta,Fulton,40,,,,,,,,,,,,,,,,,,,,,,,,,,,,,,,,,,,,,,,,,,,,,,,189000.0,179900.0,179000.0,189900.0,200000.0,222200.0,215000.0,220000.0,219000.0,213775.0,204900.0,200000.0,195000.0,189500.0,191250.0,199949.5,210000.0,219700.0,225000.0,234900.0,225000.0,234900.0,239900.0,244900.0,239900.0,235000.0,244999.5,245000.0,259000.0,270000.0,275000.0,269000.0,269000.0,259900.0,269000.0,275000.0,275000.0,260000.0,260000.0,279900.0,309900,330000.0,330000.0,335000.0,329900.0,320000.0,329950.0,30349,33.622488,-84.52390799999999
43,Atlanta,Fulton,40,,,,,,,,,,,,,,,,,,,,,,,,,,,,,,,,,,,,,,,,,,,,,,,189000.0,179900.0,179000.0,189900.0,200000.0,222200.0,215000.0,220000.0,219000.0,213775.0,204900.0,200000.0,195000.0,189500.0,191250.0,199949.5,210000.0,219700.0,225000.0,234900.0,225000.0,234900.0,239900.0,244900.0,239900.0,235000.0,244999.5,245000.0,259000.0,270000.0,275000.0,269000.0,269000.0,259900.0,269000.0,275000.0,275000.0,260000.0,260000.0,279900.0,309900,330000.0,330000.0,335000.0,329900.0,320000.0,329950.0,30350,33.980253999999995,-84.330016
44,Atlanta,Fulton,40,,,,,,,,,,,,,,,,,,,,,,,,,,,,,,,,,,,,,,,,,,,,,,,189000.0,179900.0,179000.0,189900.0,200000.0,222200.0,215000.0,220000.0,219000.0,213775.0,204900.0,200000.0,195000.0,189500.0,191250.0,199949.5,210000.0,219700.0,225000.0,234900.0,225000.0,234900.0,239900.0,244900.0,239900.0,235000.0,244999.5,245000.0,259000.0,270000.0,275000.0,269000.0,269000.0,259900.0,269000.0,275000.0,275000.0,260000.0,260000.0,279900.0,309900,330000.0,330000.0,335000.0,329900.0,320000.0,329950.0,30354,33.661497999999995,-84.386895
45,Atlanta,Fulton,40,,,,,,,,,,,,,,,,,,,,,,,,,,,,,,,,,,,,,,,,,,,,,,,189000.0,179900.0,179000.0,189900.0,200000.0,222200.0,215000.0,220000.0,219000.0,213775.0,204900.0,200000.0,195000.0,189500.0,191250.0,199949.5,210000.0,219700.0,225000.0,234900.0,225000.0,234900.0,239900.0,244900.0,239900.0,235000.0,244999.5,245000.0,259000.0,270000.0,275000.0,269000.0,269000.0,259900.0,269000.0,275000.0,275000.0,260000.0,260000.0,279900.0,309900,330000.0,330000.0,335000.0,329900.0,320000.0,329950.0,30360,33.933788,-84.27265899999999
46,Atlanta,Fulton,40,,,,,,,,,,,,,,,,,,,,,,,,,,,,,,,,,,,,,,,,,,,,,,,189000.0,179900.0,179000.0,189900.0,200000.0,222200.0,215000.0,220000.0,219000.0,213775.0,204900.0,200000.0,195000.0,189500.0,191250.0,199949.5,210000.0,219700.0,225000.0,234900.0,225000.0,234900.0,239900.0,244900.0,239900.0,235000.0,244999.5,245000.0,259000.0,270000.0,275000.0,269000.0,269000.0,259900.0,269000.0,275000.0,275000.0,260000.0,260000.0,279900.0,309900,330000.0,330000.0,335000.0,329900.0,320000.0,329950.0,30363,33.791004,-84.398978
47,Auburn,Barrow,3706,,,,,,,,,,,,,,,,,,,,,,,,,,,,,,,,,,,,,,,,,,,,,,,,,,,,,,,,,,,,,,,,264220.0,296900.0,296900.0,309800.0,320900.0,329900.0,332213.0,334832.0,332213.0,325000.0,329500.0,328557.0,313850.0,321700.0,324900.0,318500.0,329950.0,334243.0,329900.0,319950.0,309990.0,304900.0,310900.0,314950,329925.0,326950.0,319925.0,318928.0,318704.0,326950.0,30011,34.019859000000004,-83.837163
48,Austell,Cobb,1244,,,,,,,,,,,,,,,,,,,,,,,,,,,,,,,,,,,,,,,,,,,,,,,110000.0,109900.0,109900.0,109900.0,115000.0,113900.0,113000.0,116000.0,110000.0,121000.0,118450.0,115000.0,109900.0,99900.0,109900.0,119500.0,115000.0,115000.0,115000.0,119450.0,115000.0,120000.0,119950.0,126000.0,128799.0,127950.0,127950.0,121450.0,125000.0,129000.0,130000.0,148000.0,148000.0,145000.0,145500.0,149200.0,149900.0,145000.0,149387.5,155000.0,155500,154825.0,159800.0,155000.0,155000.0,155450.0,152000.0,30106,33.839078,-84.62821
49,Austell,Cobb,1244,,,,,,,,,,,,,,,,,,,,,,,,,,,,,,,,,,,,,,,,,,,,,,,110000.0,109900.0,109900.0,109900.0,115000.0,113900.0,113000.0,116000.0,110000.0,121000.0,118450.0,115000.0,109900.0,99900.0,109900.0,119500.0,115000.0,115000.0,115000.0,119450.0,115000.0,120000.0,119950.0,126000.0,128799.0,127950.0,127950.0,121450.0,125000.0,129000.0,130000.0,148000.0,148000.0,145000.0,145500.0,149200.0,149900.0,145000.0,149387.5,155000.0,155500,154825.0,159800.0,155000.0,155000.0,155450.0,152000.0,30168,33.783542,-84.58810600000001
50,Bethlehem,Barrow,6297,,,,,,,,,,,,,,,,,,,,,,,,,,,,,,,,,,,,,,,,,,,,,,,,,,,,,146900.0,139900.0,139900.0,138950.0,144900.0,144900.0,129950.0,134900.0,139900.0,142900.0,145350.0,149000.0,139900.0,146900.0,153000.0,150000.0,153000.0,155000.0,155000.0,157900.0,158900.0,159900.0,159900.0,164950.0,177900.0,175000.0,175000.0,161200.0,159950.0,164900.0,179900.0,184900.0,184000.0,185000.0,181990,184000.0,183995.0,184900.0,184900.0,183990.0,184990.0,30620,33.929472,-83.758422
51,Braselton,Gwinnett,5590,,,,,,,,,,,,,,,,,,,,,,,,,,,,,,,,,,,,,,,,,,,,,,,,,,,,,,,,,,,,,,,396950.0,341600.0,343300.0,335000.0,316000.0,346900.0,374900.0,349900.0,335000.0,329900.0,316745.0,344990.0,339995.0,342450.0,345990.0,350990.0,359900.0,362060.0,387450.0,419900.0,460000.0,419900.0,449800.0,447400.0,459800,472400.0,449950.0,456950.0,449900.0,420000.0,427449.5,30517,34.130308,-83.797344
52,Buckhead,Morgan,6465,,,,,,,,,,,,,,,,,,,,,,,,,,,365000.0,377000.0,339000.0,314000.0,350000.0,379000.0,365000.0,329900.0,345000.0,337450.0,327450.0,325000.0,325000.0,325000.0,305000.0,305000.0,295000.0,289000.0,312000.0,329000.0,289000.0,289000.0,274000.0,289000.0,325000.0,299900.0,337000.0,329000.0,329000.0,329000.0,349700.0,349250.0,318700.0,318700.0,328250.0,339000.0,350000.0,341950.0,334250.0,329500.0,349000.0,349900.0,350000.0,350000.0,350000.0,349500.0,349500.0,362000.0,360500.0,369000.0,376750.0,379000.0,368250.0,379000.0,379450.0,355000.0,355000.0,379000.0,374999.0,376999.5,379000,376999.5,329500.0,362000.0,362000.0,375000.0,375000.0,30625,33.520284000000004,-83.33353000000001
53,Buford,Gwinnett,1158,,,,,,,,,,,,,,,,,,,,,,,,,,,,,,,,,,,,,,,,,,,,,,,229900.0,229250.0,229950.0,239900.0,243900.0,249900.0,248750.0,244900.0,248950.0,249900.0,250000.0,249995.0,249900.0,253000.0,249900.0,249900.0,238400.0,237500.0,239000.0,249900.0,255000.0,269900.0,274835.0,275000.0,279900.0,294900.0,289900.0,276490.0,276220.0,279700.0,279950.0,285900.0,295900.0,299900.0,294975.0,299900.0,299900.0,309000.0,294900.0,282450.0,305000,310000.0,310650.0,310000.0,305000.0,299995.0,307140.0,30518,34.130846000000005,-84.027398
54,Buford,Gwinnett,1158,,,,,,,,,,,,,,,,,,,,,,,,,,,,,,,,,,,,,,,,,,,,,,,229900.0,229250.0,229950.0,239900.0,243900.0,249900.0,248750.0,244900.0,248950.0,249900.0,250000.0,249995.0,249900.0,253000.0,249900.0,249900.0,238400.0,237500.0,239000.0,249900.0,255000.0,269900.0,274835.0,275000.0,279900.0,294900.0,289900.0,276490.0,276220.0,279700.0,279950.0,285900.0,295900.0,299900.0,294975.0,299900.0,299900.0,309000.0,294900.0,282450.0,305000,310000.0,310650.0,310000.0,305000.0,299995.0,307140.0,30519,34.087409,-83.94505799999999
55,Canton,Cherokee,572,,,,,,,,,,,,,,,,,,,,,,,,,,,,,,,,,,,,,,,,,,,,,,,255950.0,254950.0,259000.0,256900.0,259900.0,257500.0,259900.0,260000.0,260000.0,269900.0,265000.0,285000.0,289000.0,278465.0,289900.0,291702.5,289900.0,286000.0,288900.0,287450.0,289900.0,290000.0,291950.0,294700.0,297500.0,299900.0,313450.0,323645.0,319060.0,310000.0,310000.0,307122.5,291620.0,300000.0,309900.0,303953.0,296000.0,289900.0,279000.0,289700.0,301280,312900.0,315000.0,315000.0,315000.0,309000.0,311000.0,30114,34.247838,-84.524468
56,Canton,Cherokee,572,,,,,,,,,,,,,,,,,,,,,,,,,,,,,,,,,,,,,,,,,,,,,,,255950.0,254950.0,259000.0,256900.0,259900.0,257500.0,259900.0,260000.0,260000.0,269900.0,265000.0,285000.0,289000.0,278465.0,289900.0,291702.5,289900.0,286000.0,288900.0,287450.0,289900.0,290000.0,291950.0,294700.0,297500.0,299900.0,313450.0,323645.0,319060.0,310000.0,310000.0,307122.5,291620.0,300000.0,309900.0,303953.0,296000.0,289900.0,279000.0,289700.0,301280,312900.0,315000.0,315000.0,315000.0,309000.0,311000.0,30115,34.204091999999996,-84.400462
57,Carrollton,Carroll,3431,,,,,,,,,,,,,,,,,,,,,,,,,,84950.0,92450.0,88700.0,84900.0,96950.0,88850.0,99500.0,89000.0,99900.0,98500.0,99900.0,97900.0,95000.0,102400.0,102450.0,111999.5,115600.0,116050.0,119900.0,118450.0,114900.0,115000.0,119900.0,124900.0,119900.0,121500.0,129900.0,129900.0,124900.0,124900.0,120200.0,126250.0,129900.0,134900.0,129900.0,125000.0,129900.0,124900.0,129900.0,129900.0,138900.0,129900.0,129700.0,126450.0,125000.0,129900.0,129900.0,129900.0,130950.0,139900.0,139900.0,149900.0,149914.0,151065.0,149900.0,154900.0,155000.0,154900.0,150900.0,154900.0,154900.0,148780,149900.0,149900.0,149900.0,149900.0,149900.0,149900.0,30116,33.54059,-85.003087
58,Carrollton,Carroll,3431,,,,,,,,,,,,,,,,,,,,,,,,,,84950.0,92450.0,88700.0,84900.0,96950.0,88850.0,99500.0,89000.0,99900.0,98500.0,99900.0,97900.0,95000.0,102400.0,102450.0,111999.5,115600.0,116050.0,119900.0,118450.0,114900.0,115000.0,119900.0,124900.0,119900.0,121500.0,129900.0,129900.0,124900.0,124900.0,120200.0,126250.0,129900.0,134900.0,129900.0,125000.0,129900.0,124900.0,129900.0,129900.0,138900.0,129900.0,129700.0,126450.0,125000.0,129900.0,129900.0,129900.0,130950.0,139900.0,139900.0,149900.0,149914.0,151065.0,149900.0,154900.0,155000.0,154900.0,150900.0,154900.0,154900.0,148780,149900.0,149900.0,149900.0,149900.0,149900.0,149900.0,30117,33.581851,-85.132439
59,Carrollton,Carroll,3431,,,,,,,,,,,,,,,,,,,,,,,,,,84950.0,92450.0,88700.0,84900.0,96950.0,88850.0,99500.0,89000.0,99900.0,98500.0,99900.0,97900.0,95000.0,102400.0,102450.0,111999.5,115600.0,116050.0,119900.0,118450.0,114900.0,115000.0,119900.0,124900.0,119900.0,121500.0,129900.0,129900.0,124900.0,124900.0,120200.0,126250.0,129900.0,134900.0,129900.0,125000.0,129900.0,124900.0,129900.0,129900.0,138900.0,129900.0,129700.0,126450.0,125000.0,129900.0,129900.0,129900.0,130950.0,139900.0,139900.0,149900.0,149914.0,151065.0,149900.0,154900.0,155000.0,154900.0,150900.0,154900.0,154900.0,148780,149900.0,149900.0,149900.0,149900.0,149900.0,149900.0,30118,33.572388000000004,-85.10361999999999
60,Cartersville,Bartow,2481,,,,,,,,,,,,,,,,,,,,,,,,,,,,,,,,,,,,,,,,,,,,,,142000.0,145400.0,140950.0,128850.0,139900.0,139000.0,154900.0,169900.0,167900.0,149900.0,148705.0,146000.0,146900.0,144450.0,139900.0,135000.0,145000.0,149900.0,169000.0,165900.0,174900.0,179875.0,179900.0,179900.0,185450.0,183900.0,183937.5,187950.0,199900.0,189900.0,199900.0,186900.0,195900.0,195000.0,199900.0,199900.0,193515.0,194000.0,199900.0,193000.0,209950.0,199900,199900.0,225000.0,234900.0,207500.0,209900.0,215852.5,30120,34.167879,-84.852014
61,Cartersville,Bartow,2481,,,,,,,,,,,,,,,,,,,,,,,,,,,,,,,,,,,,,,,,,,,,,,142000.0,145400.0,140950.0,128850.0,139900.0,139000.0,154900.0,169900.0,167900.0,149900.0,148705.0,146000.0,146900.0,144450.0,139900.0,135000.0,145000.0,149900.0,169000.0,165900.0,174900.0,179875.0,179900.0,179900.0,185450.0,183900.0,183937.5,187950.0,199900.0,189900.0,199900.0,186900.0,195900.0,195000.0,199900.0,199900.0,193515.0,194000.0,199900.0,193000.0,209950.0,199900,199900.0,225000.0,234900.0,207500.0,209900.0,215852.5,30121,34.209221,-84.778006
62,Clarkston,Dekalb,2385,,,,,,,,,,,,,,,,,,,,,,,,,,,,,,,,,,,,,,,,,,,,,,,,,,,,,,,,,,,,,,,,,,,,,,,,,131000.0,127000.0,124900.0,119900.0,125913.0,132400.0,142900.0,139200.0,135000.0,140000.0,140000.0,140000.0,135000.0,140000.0,149900,159000.0,160000.0,146900.0,144000.0,139900.0,149900.0,30021,33.806929,-84.237588
63,Conley,Dekalb,4872,,,,,,,,,,,,,,,,,,,,,,,,,,,,,,,,,,,,,,,,,,,,,,,,,,,,,,,,,,,,,,,,,,,,,,,,,79250.0,75000.0,75000.0,74900.0,72000.0,75000.0,72175.0,69990.0,68950.0,75000.0,75000.0,75000.0,84400.0,94000.0,92800,91000.0,90000.0,103500.0,97000.0,99900.0,99900.0,30288,33.652831,-84.327109
64,Conyers,Rockdale,495,,,,,,,,,,,,,,,,,,,,,,,,,,,,,,,,,,,,,,,,,,,,,,,,,,,,,,,,,,,,150000.0,149900.0,159000.0,151900.0,150000.0,152000.0,156950.0,157900.0,157900.0,159900.0,160000.0,160000.0,160000.0,159900.0,154900.0,158944.0,161950.0,159900.0,162000.0,160000.0,160000.0,158888.0,157450.0,157000.0,155900.0,154900.0,158000.0,159000,164900.0,158000.0,170000.0,169900.0,173900.0,171900.0,30012,33.717806,-84.002515
65,Conyers,Rockdale,495,,,,,,,,,,,,,,,,,,,,,,,,,,,,,,,,,,,,,,,,,,,,,,,,,,,,,,,,,,,,150000.0,149900.0,159000.0,151900.0,150000.0,152000.0,156950.0,157900.0,157900.0,159900.0,160000.0,160000.0,160000.0,159900.0,154900.0,158944.0,161950.0,159900.0,162000.0,160000.0,160000.0,158888.0,157450.0,157000.0,155900.0,154900.0,158000.0,159000,164900.0,158000.0,170000.0,169900.0,173900.0,171900.0,30013,33.64517,-83.972188
66,Conyers,Rockdale,495,,,,,,,,,,,,,,,,,,,,,,,,,,,,,,,,,,,,,,,,,,,,,,,,,,,,,,,,,,,,150000.0,149900.0,159000.0,151900.0,150000.0,152000.0,156950.0,157900.0,157900.0,159900.0,160000.0,160000.0,160000.0,159900.0,154900.0,158944.0,161950.0,159900.0,162000.0,160000.0,160000.0,158888.0,157450.0,157000.0,155900.0,154900.0,158000.0,159000,164900.0,158000.0,170000.0,169900.0,173900.0,171900.0,30094,33.612505,-84.051523
67,Covington,Newton,519,,,,,,,,,,,,,,,,,,,,,,,,,,,,,,,,,,,,,,,,,,,,,,,118700.0,120000.0,119000.0,122900.0,129900.0,132400.0,129900.0,138900.0,139000.0,131525.0,124900.0,124900.0,119450.0,121500.0,125000.0,122500.0,129900.0,139250.0,134900.0,134974.5,145000.0,140000.0,139900.0,139900.0,139000.0,139900.0,135000.0,129900.0,130000.0,134900.0,139900.0,146450.0,147950.0,144900.0,148475.0,150000.0,150000.0,150000.0,155900.0,152640.0,160000,160320.0,175000.0,179000.0,179900.0,177400.0,182990.0,30014,33.580062,-83.823102
68,Covington,Newton,519,,,,,,,,,,,,,,,,,,,,,,,,,,,,,,,,,,,,,,,,,,,,,,,118700.0,120000.0,119000.0,122900.0,129900.0,132400.0,129900.0,138900.0,139000.0,131525.0,124900.0,124900.0,119450.0,121500.0,125000.0,122500.0,129900.0,139250.0,134900.0,134974.5,145000.0,140000.0,139900.0,139900.0,139000.0,139900.0,135000.0,129900.0,130000.0,134900.0,139900.0,146450.0,147950.0,144900.0,148475.0,150000.0,150000.0,150000.0,155900.0,152640.0,160000,160320.0,175000.0,179000.0,179900.0,177400.0,182990.0,30016,33.517433000000004,-83.928703
69,Cumming,Forsyth,224,250000.0,254900.0,249900.0,247990.0,247900.0,239900.0,238866.0,230000.0,226900.0,229850.0,226403.0,223854.0,225000.0,220000.0,225000.0,223498.0,224900.0,223945.0,222990.0,224500.0,224900.0,221000.0,217000.0,214900.0,220710.0,220710.0,224900.0,225000.0,225000.0,229900.0,235000.0,229900.0,229900.0,235500.0,254900.0,260950.0,264990.0,269900.0,273954.0,280500.0,288750.0,297500.0,299000.0,299000.0,298000.0,307999.5,298450.0,299900.0,299900.0,300000.0,302900.0,300000.0,306750.0,303900.0,301900.0,306995.0,308950.0,305332.5,309990.0,313490.0,319848.0,325000.0,325000.0,325900.0,334800.0,332833.0,325000.0,330450.0,329900.0,336945.0,340011.0,340000.0,344900.0,349900.0,350611.0,359900.0,359900.0,359000.0,358592.0,359000.0,359250.0,362457.5,363650.0,367802.0,368588.5,365000.0,369000,369900.0,374900.0,374000.0,373950.0,375000.0,374630.0,30028,34.293184000000004,-84.175894
70,Cumming,Forsyth,224,250000.0,254900.0,249900.0,247990.0,247900.0,239900.0,238866.0,230000.0,226900.0,229850.0,226403.0,223854.0,225000.0,220000.0,225000.0,223498.0,224900.0,223945.0,222990.0,224500.0,224900.0,221000.0,217000.0,214900.0,220710.0,220710.0,224900.0,225000.0,225000.0,229900.0,235000.0,229900.0,229900.0,235500.0,254900.0,260950.0,264990.0,269900.0,273954.0,280500.0,288750.0,297500.0,299000.0,299000.0,298000.0,307999.5,298450.0,299900.0,299900.0,300000.0,302900.0,300000.0,306750.0,303900.0,301900.0,306995.0,308950.0,305332.5,309990.0,313490.0,319848.0,325000.0,325000.0,325900.0,334800.0,332833.0,325000.0,330450.0,329900.0,336945.0,340011.0,340000.0,344900.0,349900.0,350611.0,359900.0,359900.0,359000.0,358592.0,359000.0,359250.0,362457.5,363650.0,367802.0,368588.5,365000.0,369000,369900.0,374900.0,374000.0,373950.0,375000.0,374630.0,30040,34.210349,-84.187794
71,Cumming,Forsyth,224,250000.0,254900.0,249900.0,247990.0,247900.0,239900.0,238866.0,230000.0,226900.0,229850.0,226403.0,223854.0,225000.0,220000.0,225000.0,223498.0,224900.0,223945.0,222990.0,224500.0,224900.0,221000.0,217000.0,214900.0,220710.0,220710.0,224900.0,225000.0,225000.0,229900.0,235000.0,229900.0,229900.0,235500.0,254900.0,260950.0,264990.0,269900.0,273954.0,280500.0,288750.0,297500.0,299000.0,299000.0,298000.0,307999.5,298450.0,299900.0,299900.0,300000.0,302900.0,300000.0,306750.0,303900.0,301900.0,306995.0,308950.0,305332.5,309990.0,313490.0,319848.0,325000.0,325000.0,325900.0,334800.0,332833.0,325000.0,330450.0,329900.0,336945.0,340011.0,340000.0,344900.0,349900.0,350611.0,359900.0,359900.0,359000.0,358592.0,359000.0,359250.0,362457.5,363650.0,367802.0,368588.5,365000.0,369000,369900.0,374900.0,374000.0,373950.0,375000.0,374630.0,30041,34.198721,-84.101962
72,Dacula,Gwinnett,1535,,,,,,,,,,,,,,,,,,,,,,,,,,,,,,,,,,,,,,,,,,,,,,,231500.0,233250.0,232500.0,229428.0,238699.0,244321.0,245455.5,249000.0,245000.0,252320.0,249900.0,249900.0,249900.0,250000.0,249900.0,248404.0,246313.0,247000.0,249500.0,248750.0,249900.0,251409.5,257845.5,259900.0,259900.0,259900.0,260870.0,259900.0,262110.0,265087.5,265000.0,269900.0,266639.0,265990.0,266278.0,267000.0,270000.0,278900.0,279900.0,277950.0,279450,278407.5,275900.0,274990.0,275000.0,275000.0,275000.0,30019,33.975609999999996,-83.883747
73,Dawsonville,Dawson,2193,,,,,,,,,,,,,,,,,,,,,,,,,,,,,,,,,,,,,,,,,242200.0,249000.0,235000.0,236500.0,230000.0,222425.0,224875.0,224875.0,204950.0,222450.0,220000.0,234900.0,249450.0,259900.0,256950.0,252000.0,260000.0,249950.0,244500.0,247000.0,249900.0,249950.0,245000.0,245000.0,244900.0,251745.0,264950.0,279900.0,276995.0,270900.0,289900.0,288696.0,285000.0,286700.0,290665.0,292688.0,279950.0,280000.0,279945.0,269900.0,279900.0,278945.0,273464.0,281000.0,269450.0,279900.0,269900,285000.0,291990.0,289900.0,291490.0,291990.0,294900.0,30534,34.4311,-84.144329
74,Decatur,Dekalb,2521,345000.0,330000.0,325000.0,325000.0,330000.0,329000.0,325000.0,349000.0,329450.0,317000.0,279950.0,285000.0,287900.0,295000.0,299900.0,300000.0,319000.0,310000.0,300000.0,299000.0,287000.0,275000.0,254850.0,249950.0,250000.0,239950.0,264900.0,269900.0,280000.0,280000.0,275000.0,250000.0,250000.0,265000.0,289700.0,289900.0,303750.0,327000.0,339000.0,332500.0,325000.0,324950.0,329000.0,325000.0,325000.0,349000.0,373500.0,379500.0,339000.0,384950.0,399900.0,422450.0,416500.0,425000.0,450000.0,445000.0,445000.0,455000.0,470000.0,455000.0,489000.0,522200.0,499000.0,499000.0,499000.0,489900.0,475000.0,499000.0,489000.0,524950.0,564000.0,569000.0,615900.0,582000.0,520000.0,529000.0,534000.0,515000.0,509500.0,498421.5,499999.0,501769.5,530000.0,500000.0,542500.0,500000.0,478147,512500.0,545008.0,549337.0,519950.0,499900.0,499000.0,30030,33.771947,-84.29026999999999
75,Decatur,Dekalb,2521,345000.0,330000.0,325000.0,325000.0,330000.0,329000.0,325000.0,349000.0,329450.0,317000.0,279950.0,285000.0,287900.0,295000.0,299900.0,300000.0,319000.0,310000.0,300000.0,299000.0,287000.0,275000.0,254850.0,249950.0,250000.0,239950.0,264900.0,269900.0,280000.0,280000.0,275000.0,250000.0,250000.0,265000.0,289700.0,289900.0,303750.0,327000.0,339000.0,332500.0,325000.0,324950.0,329000.0,325000.0,325000.0,349000.0,373500.0,379500.0,339000.0,384950.0,399900.0,422450.0,416500.0,425000.0,450000.0,445000.0,445000.0,455000.0,470000.0,455000.0,489000.0,522200.0,499000.0,499000.0,499000.0,489900.0,475000.0,499000.0,489000.0,524950.0,564000.0,569000.0,615900.0,582000.0,520000.0,529000.0,534000.0,515000.0,509500.0,498421.5,499999.0,501769.5,530000.0,500000.0,542500.0,500000.0,478147,512500.0,545008.0,549337.0,519950.0,499900.0,499000.0,30032,33.740668,-84.264466
76,Decatur,Dekalb,2521,345000.0,330000.0,325000.0,325000.0,330000.0,329000.0,325000.0,349000.0,329450.0,317000.0,279950.0,285000.0,287900.0,295000.0,299900.0,300000.0,319000.0,310000.0,300000.0,299000.0,287000.0,275000.0,254850.0,249950.0,250000.0,239950.0,264900.0,269900.0,280000.0,280000.0,275000.0,250000.0,250000.0,265000.0,289700.0,289900.0,303750.0,327000.0,339000.0,332500.0,325000.0,324950.0,329000.0,325000.0,325000.0,349000.0,373500.0,379500.0,339000.0,384950.0,399900.0,422450.0,416500.0,425000.0,450000.0,445000.0,445000.0,455000.0,470000.0,455000.0,489000.0,522200.0,499000.0,499000.0,499000.0,489900.0,475000.0,499000.0,489000.0,524950.0,564000.0,569000.0,615900.0,582000.0,520000.0,529000.0,534000.0,515000.0,509500.0,498421.5,499999.0,501769.5,530000.0,500000.0,542500.0,500000.0,478147,512500.0,545008.0,549337.0,519950.0,499900.0,499000.0,30033,33.811659000000006,-84.28323
77,Decatur,Dekalb,2521,345000.0,330000.0,325000.0,325000.0,330000.0,329000.0,325000.0,349000.0,329450.0,317000.0,279950.0,285000.0,287900.0,295000.0,299900.0,300000.0,319000.0,310000.0,300000.0,299000.0,287000.0,275000.0,254850.0,249950.0,250000.0,239950.0,264900.0,269900.0,280000.0,280000.0,275000.0,250000.0,250000.0,265000.0,289700.0,289900.0,303750.0,327000.0,339000.0,332500.0,325000.0,324950.0,329000.0,325000.0,325000.0,349000.0,373500.0,379500.0,339000.0,384950.0,399900.0,422450.0,416500.0,425000.0,450000.0,445000.0,445000.0,455000.0,470000.0,455000.0,489000.0,522200.0,499000.0,499000.0,499000.0,489900.0,475000.0,499000.0,489000.0,524950.0,564000.0,569000.0,615900.0,582000.0,520000.0,529000.0,534000.0,515000.0,509500.0,498421.5,499999.0,501769.5,530000.0,500000.0,542500.0,500000.0,478147,512500.0,545008.0,549337.0,519950.0,499900.0,499000.0,30034,33.690867,-84.248622
78,Decatur,Dekalb,2521,345000.0,330000.0,325000.0,325000.0,330000.0,329000.0,325000.0,349000.0,329450.0,317000.0,279950.0,285000.0,287900.0,295000.0,299900.0,300000.0,319000.0,310000.0,300000.0,299000.0,287000.0,275000.0,254850.0,249950.0,250000.0,239950.0,264900.0,269900.0,280000.0,280000.0,275000.0,250000.0,250000.0,265000.0,289700.0,289900.0,303750.0,327000.0,339000.0,332500.0,325000.0,324950.0,329000.0,325000.0,325000.0,349000.0,373500.0,379500.0,339000.0,384950.0,399900.0,422450.0,416500.0,425000.0,450000.0,445000.0,445000.0,455000.0,470000.0,455000.0,489000.0,522200.0,499000.0,499000.0,499000.0,489900.0,475000.0,499000.0,489000.0,524950.0,564000.0,569000.0,615900.0,582000.0,520000.0,529000.0,534000.0,515000.0,509500.0,498421.5,499999.0,501769.5,530000.0,500000.0,542500.0,500000.0,478147,512500.0,545008.0,549337.0,519950.0,499900.0,499000.0,30035,33.724452,-84.20424399999999
79,Douglasville,Douglas,465,,,,,,,,,,,,,,,,,,,,,,,,,,,,,,,,,,,,,,,,,,,,,,,139900.0,139570.5,134950.0,135000.0,139900.0,144950.0,140000.0,149900.0,149900.0,157000.0,154900.0,155341.0,150000.0,135500.0,140000.0,148700.0,149900.0,153008.0,156500.0,159000.0,160000.0,163640.0,162885.0,159640.0,155900.0,159900.0,159990.0,155000.0,162885.0,165000.0,169900.0,178814.5,175000.0,175000.0,175000.0,171950.0,169374.5,169000.0,169900.0,170000.0,179900,179900.0,179900.0,182950.0,181950.0,182950.0,186882.0,30134,33.77752,-84.78139
80,Douglasville,Douglas,465,,,,,,,,,,,,,,,,,,,,,,,,,,,,,,,,,,,,,,,,,,,,,,,139900.0,139570.5,134950.0,135000.0,139900.0,144950.0,140000.0,149900.0,149900.0,157000.0,154900.0,155341.0,150000.0,135500.0,140000.0,148700.0,149900.0,153008.0,156500.0,159000.0,160000.0,163640.0,162885.0,159640.0,155900.0,159900.0,159990.0,155000.0,162885.0,165000.0,169900.0,178814.5,175000.0,175000.0,175000.0,171950.0,169374.5,169000.0,169900.0,170000.0,179900,179900.0,179900.0,182950.0,181950.0,182950.0,186882.0,30135,33.672278000000006,-84.733011
81,Duluth,Gwinnett,353,,,,,,,,,,,,,,,,,,,,,,,,,,,,,,,,,,,,,,,,,,,,,,,,,,,,,,,,,,,,,,,,,,,,,,,,,329400.0,299250.0,296000.0,296000.0,289900.0,286480.0,288250.0,279540.0,274900.0,281000.0,275000.0,279540.0,289270.0,295080.0,299900,293530.0,289450.0,293450.0,292000.0,285000.0,279900.0,30096,33.974292,-84.145426
82,Duluth,Gwinnett,353,,,,,,,,,,,,,,,,,,,,,,,,,,,,,,,,,,,,,,,,,,,,,,,,,,,,,,,,,,,,,,,,,,,,,,,,,329400.0,299250.0,296000.0,296000.0,289900.0,286480.0,288250.0,279540.0,274900.0,281000.0,275000.0,279540.0,289270.0,295080.0,299900,293530.0,289450.0,293450.0,292000.0,285000.0,279900.0,30097,34.026165999999996,-84.145652
83,Fairburn,Fulton,7080,,,,,,,,,,,,,,,,,,,,,,,,,,,,,,,,,,,,,,,,,,,,,,,,,,,,,,,,,,,,,,,,,,,,,,,,,,,,161250.0,179250.0,192755.0,189590.5,187000.0,189900.0,195900.0,189900.0,187351.5,185000.0,180363.0,180990,171900.0,180990.0,186450.0,183000.0,189630.5,195836.5,30213,33.589296999999995,-84.636762
84,Fayetteville,Fayette,758,,,,,,,,,,,,,,,,,,,,,,,,,,,,,,,,,,,,,,,,,,,,,,,236551.0,238127.0,235438.0,244462.0,250000.0,251495.0,252797.0,259900.0,264256.0,261059.0,255990.0,253450.0,264900.0,259900.0,270501.0,278000.0,275000.0,275000.0,276915.0,282750.0,289900.0,299900.0,297500.0,297500.0,297200.0,299000.0,288664.0,253900.0,274950.0,274500.0,299000.0,295000.0,289900.0,290468.5,289638.5,289970.0,298000.0,293847.0,303000.0,299900.0,311400,319900.0,319450.0,310145.0,299450.0,299900.0,316150.0,30214,33.490464,-84.485997
85,Fayetteville,Fayette,758,,,,,,,,,,,,,,,,,,,,,,,,,,,,,,,,,,,,,,,,,,,,,,,236551.0,238127.0,235438.0,244462.0,250000.0,251495.0,252797.0,259900.0,264256.0,261059.0,255990.0,253450.0,264900.0,259900.0,270501.0,278000.0,275000.0,275000.0,276915.0,282750.0,289900.0,299900.0,297500.0,297500.0,297200.0,299000.0,288664.0,253900.0,274950.0,274500.0,299000.0,295000.0,289900.0,290468.5,289638.5,289970.0,298000.0,293847.0,303000.0,299900.0,311400,319900.0,319450.0,310145.0,299450.0,299900.0,316150.0,30215,33.391613,-84.45643199999999
86,Forest Park,Clayton,2468,,,,,,,,,,,,,,,,,,,,,,,,,,,,,,,,,,,,,,,,,,,,,,,,,,,,,,,,50000.0,49000.0,51900.0,46900.0,50000.0,49700.0,48450.0,49000.0,50000.0,50000.0,53250.0,54900.0,54900.0,54900.0,55000.0,55000.0,55000.0,55000.0,58700.0,54950.0,57000.0,54950.0,55900.0,55450.0,54900.0,55000.0,59118.0,59950.0,60000.0,60000.0,61450.0,65500,63500.0,60000.0,60000.0,64900.0,64900.0,68950.0,30297,33.615840999999996,-84.373002
87,Grantville,Coweta,6463,,,,,,,,,,,,,,,,,,,,,,,,,,,,,,,,,,,,,,,,,,,,,,,,,,127450.0,129900.0,129900.0,129900.0,127400.0,127400.0,127400.0,129900.0,117500.0,116285.0,115035.0,120000.0,119450.0,120000.0,124500.0,129998.0,139900.0,129950.0,137900.0,136900.0,135900.0,132450.0,130000.0,134900.0,135900.0,139900.0,136900.0,137900.0,137900.0,148350.0,144950.0,139900.0,134000.0,134900.0,134250.0,142500.0,144900.0,135000,143950.0,140950.0,139000.0,144900.0,159900.0,154900.0,30220,33.225499,-84.82354699999999
88,Grayson,Gwinnett,2864,,,,,,,,,,,,,,,,,,,,,,,,,,,,,,,,,,,,,,,,,,,,,,,214700.0,199900.0,190000.0,189900.0,199900.0,206500.0,238750.0,246222.5,252900.0,248590.0,249835.0,251101.0,254900.0,257900.0,257900.0,261795.0,264950.0,259950.0,262085.0,259950.0,252945.0,263900.0,264430.0,260850.0,255500.0,254990.0,254857.5,250000.0,250000.0,250000.0,250435.0,250000.0,258415.0,269700.0,264900.0,276923.5,276818.5,263776.0,259900.0,266789.0,269250,270947.0,269950.0,270000.0,267716.0,270000.0,261242.5,30017,33.890533000000005,-83.96187900000001
89,Hampton,Henry,6353,,,,,,,,,,,,,,,,,,,,,,,,,,,,,,,,,,,,,,,,,,,,,,,114950.0,131500.0,124900.0,117450.0,117450.0,117500.0,137000.0,137000.0,137000.0,135000.0,135900.0,136000.0,124400.0,140900.0,139000.0,140400.0,154900.0,154900.0,152400.0,145000.0,149999.0,158450.0,162400.0,155000.0,152499.5,147999.0,158000.0,152000.0,142700.0,124650.0,135000.0,137000.0,149000.0,140000.0,160000.0,146900.0,158945.0,158995.0,186195.0,180490.0,179900,174450.0,174450.0,178400.0,179945.0,183945.0,163000.0,30228,33.404146999999995,-84.30735
90,Jackson,Butts,2255,,,,,,,,,,,,,,,,,,,,,,,,,,,,,,,,,,,,,,,,,,,,,,,149900.0,149700.0,125000.0,139000.0,149900.0,153450.0,149700.0,148525.0,149000.0,149700.0,154900.0,159000.0,149000.0,149950.0,149000.0,132900.0,139900.0,150000.0,149000.0,159450.0,144950.0,156400.0,144900.0,139900.0,139900.0,140900.0,144000.0,148000.0,142000.0,143900.0,144800.0,139900.0,138643.5,139400.0,130950.0,134900.0,133700.0,129950.0,134950.0,135000.0,137999,139999.0,139900.0,159500.0,169900.0,159900.0,168250.0,30233,33.292157,-83.969544
91,Jasper,Pickens,6639,,,,,,,,,,,,,,,,,,,,,,,,,,,,,,,,,,,,,,,,,,,,,,,279900.0,279900.0,275900.0,274900.0,274200.0,275000.0,275000.0,282200.0,299000.0,279900.0,284500.0,279900.0,275000.0,279000.0,274950.0,274900.0,269000.0,279900.0,275000.0,279900.0,279900.0,289000.0,285000.0,279900.0,294000.0,298000.0,286950.0,288950.0,288950.0,284000.0,289000.0,295000.0,295000.0,295000.0,289000.0,289900.0,289900.0,295000.0,289900.0,297000.0,295000,299900.0,300000.0,300000.0,299900.0,299900.0,299999.5,30143,34.459958,-84.431752
92,Kennesaw,Cobb,433,,,,,,,,,,,,,,,,,,,,,,,,,,,,,,,,,,,,,,,,,,,,,,210000.0,200000.0,197000.0,199000.0,199500.0,203375.0,208500.0,209900.0,214900.0,205000.0,206000.0,205000.0,205000.0,208450.0,200000.0,205000.0,214900.0,225000.0,224900.0,224900.0,220000.0,217750.0,219900.0,219900.0,219900.0,225000.0,228900.0,237499.0,235000.0,233950.0,245000.0,245000.0,245000.0,239900.0,239900.0,242000.0,249900.0,245000.0,260000.0,277500.0,260999.5,265000,265000.0,269900.0,269000.0,268000.0,265000.0,269900.0,30144,34.036845,-84.591033
93,Kennesaw,Cobb,433,,,,,,,,,,,,,,,,,,,,,,,,,,,,,,,,,,,,,,,,,,,,,,210000.0,200000.0,197000.0,199000.0,199500.0,203375.0,208500.0,209900.0,214900.0,205000.0,206000.0,205000.0,205000.0,208450.0,200000.0,205000.0,214900.0,225000.0,224900.0,224900.0,220000.0,217750.0,219900.0,219900.0,219900.0,225000.0,228900.0,237499.0,235000.0,233950.0,245000.0,245000.0,245000.0,239900.0,239900.0,242000.0,249900.0,245000.0,260000.0,277500.0,260999.5,265000,265000.0,269900.0,269000.0,268000.0,265000.0,269900.0,30152,33.988892,-84.64670799999999
94,Lawrenceville,Gwinnett,100,,,,,,,,,,,,,,,,,,,,,,,,,,,,,,,,,,,,,,,,,,,,,,,155000.0,145000.0,147750.0,149900.0,159900.0,161900.0,165000.0,171450.0,174900.0,170000.0,173343.5,174900.0,174900.0,169900.0,175000.0,175000.0,180000.0,180000.0,184000.0,185000.0,187500.0,189900.0,192000.0,189900.0,192900.0,192900.0,195000.0,189900.0,189900.0,196000.0,197450.0,199900.0,205000.0,200000.0,200000.0,200000.0,200000.0,201900.0,207900.0,204900.0,217000,219000.0,219900.0,220000.0,222373.5,224250.0,224500.0,30043,33.999276,-84.009512
95,Lawrenceville,Gwinnett,100,,,,,,,,,,,,,,,,,,,,,,,,,,,,,,,,,,,,,,,,,,,,,,,155000.0,145000.0,147750.0,149900.0,159900.0,161900.0,165000.0,171450.0,174900.0,170000.0,173343.5,174900.0,174900.0,169900.0,175000.0,175000.0,180000.0,180000.0,184000.0,185000.0,187500.0,189900.0,192000.0,189900.0,192900.0,192900.0,195000.0,189900.0,189900.0,196000.0,197450.0,199900.0,205000.0,200000.0,200000.0,200000.0,200000.0,201900.0,207900.0,204900.0,217000,219000.0,219900.0,220000.0,222373.5,224250.0,224500.0,30044,33.922046,-84.065671
96,Lawrenceville,Gwinnett,100,,,,,,,,,,,,,,,,,,,,,,,,,,,,,,,,,,,,,,,,,,,,,,,155000.0,145000.0,147750.0,149900.0,159900.0,161900.0,165000.0,171450.0,174900.0,170000.0,173343.5,174900.0,174900.0,169900.0,175000.0,175000.0,180000.0,180000.0,184000.0,185000.0,187500.0,189900.0,192000.0,189900.0,192900.0,192900.0,195000.0,189900.0,189900.0,196000.0,197450.0,199900.0,205000.0,200000.0,200000.0,200000.0,200000.0,201900.0,207900.0,204900.0,217000,219000.0,219900.0,220000.0,222373.5,224250.0,224500.0,30045,33.936518,-83.927669
97,Lawrenceville,Gwinnett,100,,,,,,,,,,,,,,,,,,,,,,,,,,,,,,,,,,,,,,,,,,,,,,,155000.0,145000.0,147750.0,149900.0,159900.0,161900.0,165000.0,171450.0,174900.0,170000.0,173343.5,174900.0,174900.0,169900.0,175000.0,175000.0,180000.0,180000.0,184000.0,185000.0,187500.0,189900.0,192000.0,189900.0,192900.0,192900.0,195000.0,189900.0,189900.0,196000.0,197450.0,199900.0,205000.0,200000.0,200000.0,200000.0,200000.0,201900.0,207900.0,204900.0,217000,219000.0,219900.0,220000.0,222373.5,224250.0,224500.0,30046,33.948632,-83.995766
98,Lilburn,Gwinnett,794,,,,,,,,,,,,,,,,,,,,,,,,,,,,,,,,,,,,,,,,,,,,,,,175000.0,164900.0,169900.0,175000.0,179000.0,189000.0,189950.0,195000.0,190000.0,197500.0,195000.0,180000.0,178900.0,174900.0,170000.0,179000.0,182000.0,184900.0,185000.0,190000.0,185325.0,189950.0,186321.0,189000.0,189900.0,189900.0,189900.0,194900.0,194900.0,194900.0,200000.0,206978.0,219900.0,219900.0,224900.0,220000.0,215950.0,225000.0,229900.0,229950.0,239900,239900.0,239900.0,235000.0,235900.0,235000.0,243900.0,30047,33.870148,-84.112326
99,Lithia Springs,Douglas,3291,,,,,,,,,,,,,,,,,,,,,,,,,,,,,,,,,,,,,,,,,,,,,,,89500.0,84900.0,82450.0,84950.0,99825.0,97375.0,97375.0,93700.0,95000.0,104950.0,98000.0,90950.0,96450.0,98950.0,109900.0,119900.0,124500.0,117900.0,118900.0,121500.0,119900.0,123150.0,124900.0,124900.0,124900.0,126950.0,124900.0,124450.0,128950.0,130450.0,127450.0,135000.0,138900.0,136250.0,136250.0,135000.0,135000.0,129950.0,130000.0,140000.0,137500,144332.0,144900.0,155000.0,165000.0,159000.0,161950.0,30122,33.766909000000005,-84.641356
100,Lithonia,Dekalb,394,,,,,,,,,,,,,,,,,,,,,,,,,,,,,,,,,,,,,,,,,,,,,,,,,,,,,,,,,,,,,,85700.0,90000.0,89900.0,89900.0,89900.0,94900.0,98500.0,104950.0,104500.0,107400.0,115000.0,108000.0,108540.0,109900.0,110000.0,124000.0,120000.0,125000.0,119900.0,120000.0,120000.0,124950.0,120000.0,126000.0,125000.0,130000,135000.0,139900.0,141507.5,141515.0,141515.0,143757.5,30038,33.66646,-84.13985500000001
101,Lithonia,Dekalb,394,,,,,,,,,,,,,,,,,,,,,,,,,,,,,,,,,,,,,,,,,,,,,,,,,,,,,,,,,,,,,,85700.0,90000.0,89900.0,89900.0,89900.0,94900.0,98500.0,104950.0,104500.0,107400.0,115000.0,108000.0,108540.0,109900.0,110000.0,124000.0,120000.0,125000.0,119900.0,120000.0,120000.0,124950.0,120000.0,126000.0,125000.0,130000,135000.0,139900.0,141507.5,141515.0,141515.0,143757.5,30058,33.73835,-84.107376
102,Locust Grove,Henry,2813,,,,,,,,,,,,,,,,,,,,,,,,,,,,,,,,,,,,,,,,,,,,,,,169900.0,168900.0,182500.0,164250.0,184700.0,175000.0,174900.0,169900.0,184900.0,180000.0,179900.0,173950.0,189900.0,186990.0,195990.0,193900.0,186250.0,174900.0,172950.0,179900.0,185000.0,190990.0,191995.0,189900.0,190000.0,189850.0,189990.0,179900.0,179990.0,179900.0,179900.0,179900.0,179917.0,177900.0,184900.0,184900.0,186900.0,186900.0,189900.0,191900.0,190000,198900.0,201440.0,204900.0,209000.0,199900.0,194600.0,30248,33.351568,-84.106002
103,Loganville,Walton,7038,,,,,,,,,,,,,,,,,,,,,,,,,,,,,,,,,,,,,,,,,,,,,,,,,,,,,,,,,,,,169999.0,175650.0,179550.0,182495.0,191990.0,199795.0,179650.0,192990.0,210940.0,217950.0,214920.0,214900.0,217940.0,219770.0,195900.0,200000.0,212440.0,210000.0,217057.5,217115.0,219900.0,228990.0,194950.0,188750.0,199000.0,217115.0,234200.0,234200,241495.0,239500.0,241900.0,238995.0,240200.0,239900.0,30052,33.815151,-83.893561
104,Lovejoy,Clayton,6451,,,,,,,,,,,,,,,,,,,,,,,,,,,,,,,,,,,,,,,,,,,,,,,,,,,,,,,,,,,,,,,,,,,,,,,,,,,,,,,,127555.0,129000.0,119900.0,138900.0,149990.0,148990.0,149990.0,152095,152950.0,155919.5,154495.0,157195.0,155675.0,155675.0,30250,33.436535,-84.314213
105,Mableton,Cobb,1870,,,,,,,,,,,,,,,,,,,,,,,,,,,,,,,,,,,,,,,,,,,,,,,200000.0,205000.0,209999.5,210303.5,216000.0,224950.0,225000.0,227500.0,225000.0,213450.0,215000.0,210000.0,209900.0,205000.0,204900.0,204900.0,214990.0,215000.0,229400.0,229900.0,234700.0,245000.0,241000.0,238000.0,234950.0,244800.0,249950.0,244900.0,241950.0,245000.0,245000.0,250000.0,249900.0,249900.0,239800.0,235000.0,236750.0,236450.0,234900.0,228990.0,236000,255000.0,260000.0,265000.0,260000.0,259900.0,250000.0,30126,33.815023,-84.553798
106,Madison,Morgan,3914,,,,,,,,,,,,,,,,,,,,,,,,,,,,,,,,,,,,,,,,,,,,,,,249000.0,229950.0,249000.0,249500.0,279900.0,288000.0,276950.0,281000.0,289400.0,254950.0,249900.0,249500.0,249000.0,249500.0,249250.0,249000.0,249900.0,249500.0,258900.0,272450.0,258900.0,259900.0,288065.0,288000.0,294000.0,298500.0,299000.0,299000.0,299900.0,314900.0,314900.0,325000.0,341900.0,339000.0,339000.0,336400.0,335000.0,317750.0,289900.0,289900.0,283450,290000.0,299500.0,309950.0,332700.0,360000.0,349450.0,30650,33.583689,-83.47354399999999
107,Manchester,Meriwether,6030,,,,,,,,,,,,,,,,,,,,,,,,,,,,,,,,,,,,,,,,,,,,,,,,,,,,,,,,,,,,,,,,88000.0,81350.0,81350.0,89500.0,88000.0,87700.0,82450.0,77450.0,79900.0,79900.0,86250.0,80100.0,79000.0,75000.0,77850.0,79900.0,76900.0,71200.0,71200.0,72522.5,72000.0,73845.0,75322.5,74400,82500.0,79950.0,76500.0,79600.0,85750.0,82450.0,31816,32.881465000000006,-84.60815
108,Marietta,Cobb,61,,,,,,,,,,,,,,,,,,,,,,,,,,,,,,,,,,,,,,225000.0,229900.0,235000.0,242900.0,249900.0,250000.0,249900.0,249900.0,250000.0,245000.0,239250.0,236856.0,249800.0,250000.0,255000.0,254700.0,260000.0,254900.0,250000.0,254900.0,249999.0,249900.0,240000.0,244900.0,249900.0,257250.0,269000.0,274900.0,275000.0,275000.0,278625.0,284937.5,282450.0,285000.0,279900.0,290000.0,299900.0,309900.0,324900.0,325000.0,325000.0,325000.0,315000.0,310607.5,312500.0,320000.0,319000.0,319800.0,320000.0,334450,339900.0,339900.0,335000.0,335000.0,335000.0,339000.0,30008,33.900566999999995,-84.590924
109,Marietta,Cobb,61,,,,,,,,,,,,,,,,,,,,,,,,,,,,,,,,,,,,,,225000.0,229900.0,235000.0,242900.0,249900.0,250000.0,249900.0,249900.0,250000.0,245000.0,239250.0,236856.0,249800.0,250000.0,255000.0,254700.0,260000.0,254900.0,250000.0,254900.0,249999.0,249900.0,240000.0,244900.0,249900.0,257250.0,269000.0,274900.0,275000.0,275000.0,278625.0,284937.5,282450.0,285000.0,279900.0,290000.0,299900.0,309900.0,324900.0,325000.0,325000.0,325000.0,315000.0,310607.5,312500.0,320000.0,319000.0,319800.0,320000.0,334450,339900.0,339900.0,335000.0,335000.0,335000.0,339000.0,30060,33.925711,-84.541608
110,Marietta,Cobb,61,,,,,,,,,,,,,,,,,,,,,,,,,,,,,,,,,,,,,,225000.0,229900.0,235000.0,242900.0,249900.0,250000.0,249900.0,249900.0,250000.0,245000.0,239250.0,236856.0,249800.0,250000.0,255000.0,254700.0,260000.0,254900.0,250000.0,254900.0,249999.0,249900.0,240000.0,244900.0,249900.0,257250.0,269000.0,274900.0,275000.0,275000.0,278625.0,284937.5,282450.0,285000.0,279900.0,290000.0,299900.0,309900.0,324900.0,325000.0,325000.0,325000.0,315000.0,310607.5,312500.0,320000.0,319000.0,319800.0,320000.0,334450,339900.0,339900.0,335000.0,335000.0,335000.0,339000.0,30062,34.006496999999996,-84.472974
111,Marietta,Cobb,61,,,,,,,,,,,,,,,,,,,,,,,,,,,,,,,,,,,,,,225000.0,229900.0,235000.0,242900.0,249900.0,250000.0,249900.0,249900.0,250000.0,245000.0,239250.0,236856.0,249800.0,250000.0,255000.0,254700.0,260000.0,254900.0,250000.0,254900.0,249999.0,249900.0,240000.0,244900.0,249900.0,257250.0,269000.0,274900.0,275000.0,275000.0,278625.0,284937.5,282450.0,285000.0,279900.0,290000.0,299900.0,309900.0,324900.0,325000.0,325000.0,325000.0,315000.0,310607.5,312500.0,320000.0,319000.0,319800.0,320000.0,334450,339900.0,339900.0,335000.0,335000.0,335000.0,339000.0,30064,33.940455,-84.609708
112,Marietta,Cobb,61,,,,,,,,,,,,,,,,,,,,,,,,,,,,,,,,,,,,,,225000.0,229900.0,235000.0,242900.0,249900.0,250000.0,249900.0,249900.0,250000.0,245000.0,239250.0,236856.0,249800.0,250000.0,255000.0,254700.0,260000.0,254900.0,250000.0,254900.0,249999.0,249900.0,240000.0,244900.0,249900.0,257250.0,269000.0,274900.0,275000.0,275000.0,278625.0,284937.5,282450.0,285000.0,279900.0,290000.0,299900.0,309900.0,324900.0,325000.0,325000.0,325000.0,315000.0,310607.5,312500.0,320000.0,319000.0,319800.0,320000.0,334450,339900.0,339900.0,335000.0,335000.0,335000.0,339000.0,30066,34.032388,-84.505154
113,Marietta,Cobb,61,,,,,,,,,,,,,,,,,,,,,,,,,,,,,,,,,,,,,,225000.0,229900.0,235000.0,242900.0,249900.0,250000.0,249900.0,249900.0,250000.0,245000.0,239250.0,236856.0,249800.0,250000.0,255000.0,254700.0,260000.0,254900.0,250000.0,254900.0,249999.0,249900.0,240000.0,244900.0,249900.0,257250.0,269000.0,274900.0,275000.0,275000.0,278625.0,284937.5,282450.0,285000.0,279900.0,290000.0,299900.0,309900.0,324900.0,325000.0,325000.0,325000.0,315000.0,310607.5,312500.0,320000.0,319000.0,319800.0,320000.0,334450,339900.0,339900.0,335000.0,335000.0,335000.0,339000.0,30067,33.934278000000006,-84.46218499999999
114,Marietta,Cobb,61,,,,,,,,,,,,,,,,,,,,,,,,,,,,,,,,,,,,,,225000.0,229900.0,235000.0,242900.0,249900.0,250000.0,249900.0,249900.0,250000.0,245000.0,239250.0,236856.0,249800.0,250000.0,255000.0,254700.0,260000.0,254900.0,250000.0,254900.0,249999.0,249900.0,240000.0,244900.0,249900.0,257250.0,269000.0,274900.0,275000.0,275000.0,278625.0,284937.5,282450.0,285000.0,279900.0,290000.0,299900.0,309900.0,324900.0,325000.0,325000.0,325000.0,315000.0,310607.5,312500.0,320000.0,319000.0,319800.0,320000.0,334450,339900.0,339900.0,335000.0,335000.0,335000.0,339000.0,30068,33.968115999999995,-84.43170400000001
115,Milner,Lamar,6642,,,,,,,,,,,,,,,,,,,,,,,,,,,,,,,,,,,,,,,,,,,,,,,,,,,,,,,,,,,,,,,,,,,,,,,,,,,,,,,,162900.0,179900.0,163000.0,183450.0,189900.0,217400.0,198700.0,199900,184500.0,184500.0,174750.0,165000.0,164900.0,159450.0,30257,33.143414,-84.18621999999999
116,Monroe,Walton,4905,,,,,,,,,,,,,,,,,,,,,,,,,,,,,,,,,,,,,,,,,,,,,,,,,,,,,,,,,,121900.0,109900.0,103900.0,115000.0,119900.0,126000.0,128000.0,124950.0,119900.0,119900.0,119900.0,119900.0,126000.0,114950.0,119900.0,109900.0,111950.0,104900.0,106000.0,119900.0,119900.0,118250.0,113450.0,109900.0,119500.0,120000.0,129895.0,129895.0,134900.0,129400,129400.0,134900.0,139900.0,149000.0,142950.0,143000.0,30655,33.781688,-83.696095
117,Monroe,Walton,4905,,,,,,,,,,,,,,,,,,,,,,,,,,,,,,,,,,,,,,,,,,,,,,,,,,,,,,,,,,121900.0,109900.0,103900.0,115000.0,119900.0,126000.0,128000.0,124950.0,119900.0,119900.0,119900.0,119900.0,126000.0,114950.0,119900.0,109900.0,111950.0,104900.0,106000.0,119900.0,119900.0,118250.0,113450.0,109900.0,119500.0,120000.0,129895.0,129895.0,134900.0,129400,129400.0,134900.0,139900.0,149000.0,142950.0,143000.0,30656,33.862137,-83.716175
118,Monticello,Jasper,4865,,,,,,,,,,,,,,,,,,,,,,,,,,,,,,,,,,,,,,,,,,,,,,,,,,,,,,,,,,,,,118450.0,119900.0,129500.0,129000.0,126950.0,129000.0,129000.0,120000.0,129000.0,118000.0,114950.0,124900.0,124950.0,124950.0,118500.0,125000.0,132500.0,130750.0,136750.0,147000.0,166800.0,158500.0,132500.0,139000.0,139450.0,149950.0,158450,181100.0,184500.0,184700.0,179450.0,169900.0,164900.0,31064,33.286454,-83.702299
119,Newnan,Coweta,484,,,,,,,,,,,,,,,,,,,,,,,,,,,,,,,,,,,,175000.0,179900.0,179950.0,178899.0,179000.0,179900.0,182000.0,187611.0,184950.0,189900.0,189900.0,194000.0,198000.0,198000.0,198000.0,199900.0,199000.0,199900.0,204900.0,199900.0,199900.0,207990.0,200000.0,209900.0,200000.0,209900.0,209990.0,214900.0,215000.0,217267.0,219900.0,218500.0,219281.5,218246.0,214900.0,215000.0,215000.0,217990.0,217500.0,208500.0,219900.0,220500.0,226400.0,231301.0,236000.0,233900.0,229900.0,225900.0,220000.0,219800.0,219900.0,229700,229945.0,235250.0,244950.0,244900.0,249900.0,241350.0,30263,33.388415,-84.858937
120,Newnan,Coweta,484,,,,,,,,,,,,,,,,,,,,,,,,,,,,,,,,,,,,175000.0,179900.0,179950.0,178899.0,179000.0,179900.0,182000.0,187611.0,184950.0,189900.0,189900.0,194000.0,198000.0,198000.0,198000.0,199900.0,199000.0,199900.0,204900.0,199900.0,199900.0,207990.0,200000.0,209900.0,200000.0,209900.0,209990.0,214900.0,215000.0,217267.0,219900.0,218500.0,219281.5,218246.0,214900.0,215000.0,215000.0,217990.0,217500.0,208500.0,219900.0,220500.0,226400.0,231301.0,236000.0,233900.0,229900.0,225900.0,220000.0,219800.0,219900.0,229700,229945.0,235250.0,244950.0,244900.0,249900.0,241350.0,30265,33.418686,-84.713164
121,Norcross,Gwinnett,330,,,,,,,,,,,,,,,,,,,,,,,,,,,,,,,,,,,,,,,,,,,,,,,94800.0,90250.0,94000.0,98000.0,109700.0,110000.0,115000.0,119900.0,120000.0,125000.0,125000.0,128944.0,129700.0,125000.0,125000.0,125000.0,130000.0,130000.0,134900.0,139000.0,137800.0,143250.0,148000.0,146900.0,144900.0,140000.0,144900.0,145000.0,145000.0,153450.0,159900.0,160000.0,160000.0,159900.0,159000.0,154450.0,159900.0,169000.0,164900.0,160000.0,160000,165900.0,165000.0,167900.0,169900.0,172000.0,175000.0,30071,33.940652,-84.206734
122,Norcross,Gwinnett,330,,,,,,,,,,,,,,,,,,,,,,,,,,,,,,,,,,,,,,,,,,,,,,,94800.0,90250.0,94000.0,98000.0,109700.0,110000.0,115000.0,119900.0,120000.0,125000.0,125000.0,128944.0,129700.0,125000.0,125000.0,125000.0,130000.0,130000.0,134900.0,139000.0,137800.0,143250.0,148000.0,146900.0,144900.0,140000.0,144900.0,145000.0,145000.0,153450.0,159900.0,160000.0,160000.0,159900.0,159000.0,154450.0,159900.0,169000.0,164900.0,160000.0,160000,165900.0,165000.0,167900.0,169900.0,172000.0,175000.0,30092,33.972386,-84.23198599999999
123,Norcross,Gwinnett,330,,,,,,,,,,,,,,,,,,,,,,,,,,,,,,,,,,,,,,,,,,,,,,,94800.0,90250.0,94000.0,98000.0,109700.0,110000.0,115000.0,119900.0,120000.0,125000.0,125000.0,128944.0,129700.0,125000.0,125000.0,125000.0,130000.0,130000.0,134900.0,139000.0,137800.0,143250.0,148000.0,146900.0,144900.0,140000.0,144900.0,145000.0,145000.0,153450.0,159900.0,160000.0,160000.0,159900.0,159000.0,154450.0,159900.0,169000.0,164900.0,160000.0,160000,165900.0,165000.0,167900.0,169900.0,172000.0,175000.0,30093,33.908536,-84.17734899999999
124,Peachtree City,Fayette,1803,274900.0,279850.0,289000.0,281000.0,274000.0,264500.0,263250.0,259900.0,259900.0,258950.0,259900.0,248500.0,239950.0,238500.0,251950.0,259900.0,249900.0,250000.0,249900.0,249900.0,249900.0,243000.0,235000.0,229500.0,228000.0,229087.5,239900.0,238500.0,239900.0,239450.0,229900.0,231900.0,232000.0,230900.0,239990.0,249900.0,262450.0,250000.0,265600.0,268500.0,268250.0,264945.0,258700.0,258700.0,259500.0,268500.0,265000.0,262995.0,260445.0,264900.0,287500.0,315000.0,322450.0,295000.0,299900.0,309500.0,317400.0,308225.0,319200.0,322200.0,324900.0,324900.0,338000.0,336450.0,334950.0,339900.0,339450.0,338500.0,345000.0,349900.0,345000.0,346500.0,338500.0,339000.0,343000.0,354900.0,359900.0,363000.0,385000.0,347000.0,396900.0,399900.0,418950.0,429000.0,399450.0,388990.0,398900,392900.0,402490.0,410000.0,419900.0,417200.0,399000.0,30269,33.391887,-84.570656
125,Powder Springs,Cobb,5650,,,,,,,,,,,,,,,,,,,,,,,,,,,,,,,,,,,,,,,,,,,,,,,134500.0,137000.0,134950.0,135000.0,145000.0,149900.0,150000.0,149900.0,155000.0,160000.0,156000.0,152000.0,139900.0,134950.0,152000.0,158250.0,159000.0,166000.0,158000.0,157000.0,165000.0,159950.0,159450.0,159000.0,159000.0,159500.0,164300.0,154900.0,174950.0,173400.0,178500.0,184000.0,179626.0,179313.0,175000.0,170000.0,170000.0,175776.0,176138.0,179950.0,180000,180000.0,175000.0,179500.0,179900.0,199950.0,210000.0,30127,33.874556,-84.69471300000001
126,Rex,Clayton,3590,,,,,,,,,,,,,,,,,,,,,,,,,,,,,,,,,,,,,,,,,,,,,,,,,,,,,,,,,,,,,,,,,,,,,,,,,,,,,,115000.0,115000.0,119000.0,119950.0,119450.0,119900.0,119900.0,124000.0,122490.0,121865,127495.0,126174.0,129900.0,126995.0,143550.0,148850.0,30273,33.583798,-84.271027
127,Riverdale,Clayton,866,,,,,,,,,,,,,,,,,,,,,,,,,,,,,,,,,,,,,,,,,,,,,,,,,,,,,,,,,,,,,,70000.0,68950.0,69950.0,74050.0,75000.0,79900.0,80000.0,81900.0,84369.0,82750.0,79950.0,77500.0,75950.0,79900.0,80000.0,84900.0,85000.0,84900.0,81900.0,83500.0,83000.0,89000.0,90000.0,95000.0,99900.0,109450,99000.0,104000.0,99900.0,104900.0,104900.0,109900.0,30274,33.554561,-84.399687
128,Riverdale,Clayton,866,,,,,,,,,,,,,,,,,,,,,,,,,,,,,,,,,,,,,,,,,,,,,,,,,,,,,,,,,,,,,,70000.0,68950.0,69950.0,74050.0,75000.0,79900.0,80000.0,81900.0,84369.0,82750.0,79950.0,77500.0,75950.0,79900.0,80000.0,84900.0,85000.0,84900.0,81900.0,83500.0,83000.0,89000.0,90000.0,95000.0,99900.0,109450,99000.0,104000.0,99900.0,104900.0,104900.0,109900.0,30296,33.563159999999996,-84.44115699999999
129,Roswell,Fulton,481,299900.0,300000.0,297000.0,300000.0,299900.0,298000.0,289000.0,280000.0,275000.0,275000.0,259900.0,259450.0,250000.0,246900.0,249900.0,264900.0,264900.0,264900.0,259900.0,250000.0,250000.0,249000.0,232900.0,229900.0,234900.0,226375.0,231000.0,239900.0,250000.0,250000.0,239900.0,234900.0,229900.0,229999.5,259900.0,263000.0,269900.0,275000.0,275000.0,289000.0,297500.0,299000.0,300000.0,300000.0,300000.0,299900.0,289900.0,285950.0,299000.0,324900.0,334900.0,339450.0,335000.0,340000.0,347900.0,350000.0,349900.0,350000.0,360000.0,357075.0,369900.0,359000.0,359900.0,369000.0,375000.0,389000.0,389900.0,399000.0,400000.0,411000.0,414990.0,425000.0,439000.0,410000.0,419000.0,419900.0,424900.0,429900.0,440000.0,439000.0,446157.0,447314.0,450000.0,449900.0,441990.0,430495.0,433233,437700.0,439000.0,444900.0,445000.0,439985.0,436269.0,30075,34.052688,-84.391587
130,Roswell,Fulton,481,299900.0,300000.0,297000.0,300000.0,299900.0,298000.0,289000.0,280000.0,275000.0,275000.0,259900.0,259450.0,250000.0,246900.0,249900.0,264900.0,264900.0,264900.0,259900.0,250000.0,250000.0,249000.0,232900.0,229900.0,234900.0,226375.0,231000.0,239900.0,250000.0,250000.0,239900.0,234900.0,229900.0,229999.5,259900.0,263000.0,269900.0,275000.0,275000.0,289000.0,297500.0,299000.0,300000.0,300000.0,300000.0,299900.0,289900.0,285950.0,299000.0,324900.0,334900.0,339450.0,335000.0,340000.0,347900.0,350000.0,349900.0,350000.0,360000.0,357075.0,369900.0,359000.0,359900.0,369000.0,375000.0,389000.0,389900.0,399000.0,400000.0,411000.0,414990.0,425000.0,439000.0,410000.0,419000.0,419900.0,424900.0,429900.0,440000.0,439000.0,446157.0,447314.0,450000.0,449900.0,441990.0,430495.0,433233,437700.0,439000.0,444900.0,445000.0,439985.0,436269.0,30076,34.028499,-84.31141600000001
131,Senoia,Coweta,6841,,,,,,,,,,,,,,,,,,,,,,,,,,,,,,,,,,,,,,,,,,,,,,,,,,,,,,,,,,,,,,,,,272500.0,269900.0,265000.0,269800.0,269900.0,268400.0,264500.0,289900.0,302100.0,289949.5,309000.0,304300.0,317922.5,318575.0,315000.0,320550.0,320000.0,322375.0,327400.0,330134.5,332125.0,330369.0,339081,340000.0,343800.0,329000.0,333950.0,333950.0,329900.0,30276,33.26367,-84.570824
132,Sharpsburg,Coweta,3877,182500.0,186500.0,190000.0,201400.0,205250.0,199450.0,189450.0,194650.0,194900.0,185650.0,184900.0,184900.0,185000.0,184950.0,189000.0,197611.0,194900.0,194900.0,189900.0,194850.0,194850.0,188500.0,189450.0,169900.0,187450.0,187900.0,192000.0,179900.0,179900.0,179900.0,179900.0,184061.0,179561.0,179900.0,198750.0,212000.0,212000.0,225000.0,219900.0,225000.0,224900.0,224950.0,217500.0,219900.0,228900.0,225000.0,229050.0,229550.0,249750.0,239900.0,249000.0,225000.0,229900.0,237000.0,250000.0,229900.0,249000.0,240000.0,244900.0,254000.0,249900.0,248155.0,249900.0,256900.0,239450.0,244900.0,244900.0,269900.0,262200.0,262450.0,262450.0,274900.0,259900.0,265300.0,262700.0,265000.0,268500.0,266750.0,278500.0,285000.0,278500.0,281000.0,281000.0,283500.0,288200.0,298500.0,312450,304499.5,299838.5,299000.0,303500.0,305695.0,308500.0,30277,33.375308000000004,-84.64919599999999
133,Smyrna,Cobb,581,,,,,,,,,,,,,,,,,,,,,,,,,,,,,,,,,,,,,,,217900.0,220000.0,219900.0,220000.0,221207.5,225000.0,224900.0,220000.0,225000.0,219900.0,225000.0,225000.0,231905.0,239900.0,240000.0,244517.5,240000.0,250000.0,258000.0,255000.0,270000.0,250000.0,259900.0,259950.0,255000.0,255000.0,265000.0,265000.0,269999.0,269990.0,275000.0,275000.0,282400.0,289900.0,296990.0,277950.0,290000.0,295685.5,295900.0,299900.0,297800.0,300000.0,300000.0,300000.0,309250.0,309000.0,303750.0,300000.0,305000,319712.0,319900.0,318856.0,315000.0,317604.0,324900.0,30080,33.869434000000005,-84.49638399999999
134,Smyrna,Cobb,581,,,,,,,,,,,,,,,,,,,,,,,,,,,,,,,,,,,,,,,217900.0,220000.0,219900.0,220000.0,221207.5,225000.0,224900.0,220000.0,225000.0,219900.0,225000.0,225000.0,231905.0,239900.0,240000.0,244517.5,240000.0,250000.0,258000.0,255000.0,270000.0,250000.0,259900.0,259950.0,255000.0,255000.0,265000.0,265000.0,269999.0,269990.0,275000.0,275000.0,282400.0,289900.0,296990.0,277950.0,290000.0,295685.5,295900.0,299900.0,297800.0,300000.0,300000.0,300000.0,309250.0,309000.0,303750.0,300000.0,305000,319712.0,319900.0,318856.0,315000.0,317604.0,324900.0,30082,33.854654,-84.536437
135,Snellville,Gwinnett,684,,,,,,,,,,,,,,,,,,,,,,,,,,,,,,,,,,,,,,,,,,,,,,,157250.0,149450.0,139900.0,138350.0,150000.0,149950.0,149900.0,155000.0,159000.0,159900.0,155000.0,154000.0,155000.0,149900.0,150000.0,158950.0,159900.0,166420.0,169000.0,169900.0,170000.0,170000.0,171400.0,169900.0,170640.0,174900.0,174900.0,174949.5,175000.0,179000.0,179950.0,180900.0,182400.0,185000.0,180833.0,185000.0,186444.0,185000.0,185450.0,180750.0,189900,193900.0,190000.0,193900.0,200500.0,200000.0,204900.0,30039,33.799244,-84.034408
136,Snellville,Gwinnett,684,,,,,,,,,,,,,,,,,,,,,,,,,,,,,,,,,,,,,,,,,,,,,,,157250.0,149450.0,139900.0,138350.0,150000.0,149950.0,149900.0,155000.0,159000.0,159900.0,155000.0,154000.0,155000.0,149900.0,150000.0,158950.0,159900.0,166420.0,169000.0,169900.0,170000.0,170000.0,171400.0,169900.0,170640.0,174900.0,174900.0,174949.5,175000.0,179000.0,179950.0,180900.0,182400.0,185000.0,180833.0,185000.0,186444.0,185000.0,185450.0,180750.0,189900,193900.0,190000.0,193900.0,200500.0,200000.0,204900.0,30078,33.861019,-84.017993
137,Social Circle,Walton,4836,,,,,,,,,,,,,,,,,,,,,,,,,,,,,,,,,,,,,,,,,,,,,,,,,,,,,,,210000.0,219950.0,244450.0,219950.0,217500.0,199950.0,209400.0,219900.0,199900.0,199900.0,227000.0,216000.0,217900.0,217900.0,219900.0,219900.0,224900.0,224900.0,224900.0,223400.0,209900.0,219900.0,219900.0,238999.0,254450.0,248950.0,239000.0,250000.0,239900.0,248000.0,219900.0,227900.0,232900,235950.0,239900.0,236900.0,236900.0,237650.0,254900.0,30025,33.655902000000005,-83.69658100000001
138,Statham,Barrow,4445,,,,,,,,,,,,,,,,,,,,,,,,,,,,,,,,,,,,,,,,,,,,,,,,,,,,,,,,,,,,,,,,,,,,,,,,,,,,,,,365000.0,379000.0,379000.0,364450.0,379450.0,371832.5,363765.0,367400.0,339950,352400.0,357400.0,362955.0,359900.0,369000.0,365977.5,30666,33.962081,-83.58461199999999
139,Stockbridge,Henry,912,,,,,,,,,,,,,,,,,,,,,,,,,,,,,,,,,,,,,,,,,,,,,,,124900.0,126250.0,125000.0,119950.0,122425.0,129900.0,129945.0,135000.0,144900.0,139450.0,139900.0,139900.0,129950.0,125000.0,134900.0,145450.0,147900.0,149900.0,150000.0,159900.0,159900.0,160000.0,165000.0,157000.0,159000.0,164938.5,159950.0,164900.0,159900.0,159900.0,159999.5,162700.0,159950.0,162700.0,160000.0,160000.0,160000.0,159000.0,159900.0,156900.0,159900,159900.0,159945.0,159900.0,159945.0,160000.0,167000.0,30281,33.567898,-84.193388
140,Stone Mountain,Dekalb,315,,,,,,,,,,,,,,,,,,,,,,,,,,,,,,,,,,,,,,,,,,,,,,,88500.0,74900.0,69000.0,79900.0,87900.0,89950.0,90000.0,95700.0,99900.0,99900.0,95000.0,96700.0,90000.0,89900.0,93000.0,99000.0,95000.0,99900.0,99900.0,99900.0,99900.0,109900.0,109900.0,105900.0,105000.0,99900.0,99900.0,99900.0,100000.0,102000.0,109900.0,114900.0,117750.0,119000.0,116999.5,119900.0,123990.0,120000.0,120000.0,120000.0,125900,129900.0,133990.0,134947.5,139900.0,140000.0,140000.0,30083,33.797412,-84.19798399999999
141,Stone Mountain,Dekalb,315,,,,,,,,,,,,,,,,,,,,,,,,,,,,,,,,,,,,,,,,,,,,,,,88500.0,74900.0,69000.0,79900.0,87900.0,89950.0,90000.0,95700.0,99900.0,99900.0,95000.0,96700.0,90000.0,89900.0,93000.0,99000.0,95000.0,99900.0,99900.0,99900.0,99900.0,109900.0,109900.0,105900.0,105000.0,99900.0,99900.0,99900.0,100000.0,102000.0,109900.0,114900.0,117750.0,119000.0,116999.5,119900.0,123990.0,120000.0,120000.0,120000.0,125900,129900.0,133990.0,134947.5,139900.0,140000.0,140000.0,30087,33.805802,-84.126929
142,Stone Mountain,Dekalb,315,,,,,,,,,,,,,,,,,,,,,,,,,,,,,,,,,,,,,,,,,,,,,,,88500.0,74900.0,69000.0,79900.0,87900.0,89950.0,90000.0,95700.0,99900.0,99900.0,95000.0,96700.0,90000.0,89900.0,93000.0,99000.0,95000.0,99900.0,99900.0,99900.0,99900.0,109900.0,109900.0,105900.0,105000.0,99900.0,99900.0,99900.0,100000.0,102000.0,109900.0,114900.0,117750.0,119000.0,116999.5,119900.0,123990.0,120000.0,120000.0,120000.0,125900,129900.0,133990.0,134947.5,139900.0,140000.0,140000.0,30088,33.756052000000004,-84.182363
143,Suwanee,Gwinnett,1875,268058.0,259900.0,254900.0,250000.0,249900.0,250000.0,249900.0,246950.0,226900.0,229900.0,229000.0,222450.0,225000.0,220000.0,234900.0,235000.0,239850.0,239999.5,239900.0,225000.0,229900.0,227500.0,220000.0,210000.0,224900.0,219900.0,219900.0,224900.0,239900.0,239900.0,239900.0,239900.0,239999.0,239900.0,268295.0,269000.0,271750.0,268995.0,269000.0,271450.0,274900.0,274900.0,274900.0,279900.0,275000.0,277500.0,280000.0,289900.0,309900.0,310000.0,314150.0,315000.0,319900.0,319528.0,319400.0,329900.0,334999.0,335000.0,349450.0,350000.0,349900.0,362500.0,360000.0,351050.0,365000.0,359900.0,352002.5,371990.0,365000.0,375090.0,379900.0,379450.0,384900.0,378900.0,379900.0,383400.0,397500.0,389000.0,393500.0,387400.0,391310.0,392937.0,386490.0,387740.0,381765.0,381765.0,383000,397050.0,400000.0,395000.0,394950.0,389900.0,399999.0,30024,34.062971000000005,-84.09076999999999
144,Temple,Carroll,3665,,,,,,,,,,,,,,,,,,,,,,,,,,,,,,,,,,,,,,,,,,,,,,,99900.0,99900.0,99900.0,101500.0,117400.0,119900.0,119900.0,119900.0,119900.0,123000.0,124000.0,119900.0,118850.0,113900.0,117950.0,117900.0,117900.0,118000.0,118850.0,118950.0,123000.0,119900.0,119000.0,119900.0,117400.0,116900.0,119000.0,119900.0,119900.0,119900.0,119900.0,119900.0,124900.0,124900.0,128900.0,125000.0,124900.0,124900.0,129000.0,129900.0,129900,131300.0,139073.5,140000.0,139900.0,140000.0,151303.0,30179,33.781553,-85.014782
145,Tucker,Dekalb,1543,,,,,,,,,,,,,,,,,,,,,,,,,,,,,,,,,,,,,,,,,,,,,,169000.0,164500.0,155500.0,139900.0,159000.0,160500.0,179000.0,180000.0,188750.0,188500.0,189250.0,183450.0,179500.0,175000.0,179900.0,179999.0,175000.0,185000.0,186450.0,189000.0,189000.0,187500.0,189450.0,189000.0,179900.0,174950.0,175000.0,174400.0,189000.0,189000.0,199950.0,209900.0,207000.0,204000.0,205000.0,207250.0,205000.0,205000.0,200000.0,200000.0,202500.0,210000,220000.0,220000.0,225000.0,225000.0,225000.0,225000.0,30084,33.854096999999996,-84.216155
146,Tyrone,Fayette,5875,,,,,,,,,,,,,,,,,,,,,,,,,,,,,,,,,,,,,,,,,,,,,,,,,,,,,,,,,,,,,,,,,,,,,,,,,,,299900.0,299900.0,299900.0,315000.0,314500.0,348750.0,369950.0,348750.0,354900.0,379000.0,354900.0,341500.0,345000,324950.0,335000.0,335000.0,361165.0,368337.0,364566.5,30290,33.476407,-84.589709
147,Villa Rica,Carroll,1673,,,,,,,,,,,,,,,,,,,,,,,,,,,,,,,,,,,,,,,,,,,,,,,128900.0,131900.0,134900.0,135000.0,137950.0,139900.0,142900.0,139900.0,145000.0,144000.0,145000.0,149250.0,144900.0,136000.0,140000.0,140000.0,144900.0,144900.0,149450.0,149900.0,147900.0,149900.0,149900.0,150000.0,155900.0,159900.0,162950.0,161700.0,156000.0,159350.0,159900.0,159900.0,159900.0,159900.0,169900.0,168400.0,166800.0,168200.0,175000.0,176950.0,184820,175000.0,179900.0,187573.5,190000.0,189900.0,195500.0,30180,33.718878000000004,-84.918801
148,Waleska,Cherokee,5812,224950.0,215000.0,199950.0,199900.0,199900.0,208900.0,227450.0,229900.0,227450.0,230495.0,225000.0,207500.0,199990.0,199900.0,191445.0,189900.0,191445.0,199900.0,199000.0,189900.0,189700.0,189900.0,185000.0,171950.0,162750.0,148750.0,165000.0,162450.0,170500.0,167450.0,169500.0,159900.0,158950.0,184900.0,214900.0,200000.0,175500.0,197450.0,200000.0,197000.0,199500.0,216450.0,227000.0,229899.5,229000.0,222450.0,219900.0,202000.0,198250.0,198250.0,189900.0,189900.0,199000.0,197500.0,192450.0,195000.0,199900.0,199750.0,202400.0,199800.0,199900.0,210000.0,210000.0,217900.0,216400.0,207450.0,217250.0,224900.0,238400.0,238900.0,229900.0,228900.0,228900.0,230000.0,252500.0,250000.0,269900.0,252500.0,262500.0,249450.0,250000.0,249450.0,241900.0,249450.0,247400.0,249900.0,254900,260000.0,259900.0,262450.0,289500.0,276200.0,304950.0,30183,34.338803999999996,-84.602425
149,Winder,Barrow,1207,,,,,,,,,,,,,,,,,,,,,,,,,,,,,,,,,,,,,,,,,,,,,,,129900.0,129900.0,131900.0,129900.0,135000.0,137900.0,138975.0,139900.0,144900.0,143900.0,146900.0,144900.0,144400.0,146925.0,139999.5,145425.0,143900.0,144500.0,145425.0,148700.0,148425.0,154250.0,159900.0,159500.0,159900.0,161900.0,159900.0,159450.0,156400.0,159450.0,160900.0,160000.0,164900.0,160000.0,159900.0,159900.0,163000.0,164900.0,169900.0,169900.0,169900,173400.0,175000.0,176950.0,179000.0,184700.0,179900.0,30680,33.996386,-83.69955
150,Winston,Douglas,6420,,,,,,,,,,,,,,,,,,,,,,,,,,,,,,,,,,,,,,,,,,,,,,,,,,,,,,,200000.0,205000.0,185900.0,200000.0,196900.0,169900.0,195000.0,187400.0,195000.0,199000.0,215000.0,225000.0,224950.0,220000.0,220000.0,229000.0,229900.0,229900.0,229000.0,218000.0,244900.0,229900.0,229000.0,219900.0,204950.0,191950.0,185000.0,188000.0,184900.0,179900.0,175000.0,199900.0,219000,208900.0,227547.0,205000.0,231900.0,239900.0,235000.0,30187,33.662549,-84.847233
151,Woodstock,Cherokee,475,,,,,,,,,,,,,,,,,,,,,,,,,,,,,,,,,,,,,,,,,,,,,,209900.0,210000.0,213347.5,214900.0,210000.0,209900.0,205500.0,210000.0,216800.0,214900.0,225000.0,229442.5,234900.0,235000.0,240000.0,240000.0,248900.0,244950.0,239900.0,242745.0,237900.0,239950.0,255000.0,259900.0,249900.0,250000.0,250000.0,256797.5,255000.0,258900.0,272080.0,267000.0,259900.0,259900.0,269000.0,265000.0,268000.0,269999.0,279949.5,299900.0,309400.0,304250,310000.0,306000.0,299900.0,309000.0,314900.0,314999.0,30188,34.123533,-84.457654
152,Woodstock,Cherokee,475,,,,,,,,,,,,,,,,,,,,,,,,,,,,,,,,,,,,,,,,,,,,,,209900.0,210000.0,213347.5,214900.0,210000.0,209900.0,205500.0,210000.0,216800.0,214900.0,225000.0,229442.5,234900.0,235000.0,240000.0,240000.0,248900.0,244950.0,239900.0,242745.0,237900.0,239950.0,255000.0,259900.0,249900.0,250000.0,250000.0,256797.5,255000.0,258900.0,272080.0,267000.0,259900.0,259900.0,269000.0,265000.0,268000.0,269999.0,279949.5,299900.0,309400.0,304250,310000.0,306000.0,299900.0,309000.0,314900.0,314999.0,30189,34.124224,-84.570679
